Top pages,Clicks,Impressions,CTR,Position
https://360ghar.com/vastu-checker,74,1006,7.36%,10.12
https://360ghar.com/vastu-checker/,33,634,5.21%,10.11
https://360ghar.com/,14,188,7.45%,7.35
https://360ghar.com/blog/finding-harmony-a-guide-to-lucky-flat-numbers-as-per-vastu-and-feng-shui,8,1214,0.66%,6.15
https://360ghar.com/area-calculator/,6,921,0.65%,21.27
https://360ghar.com/blog/akshay-kumars-house-in-juhu-a-verified-look-at-the-prime-beach-residence,4,290,1.38%,9.17
https://360ghar.com/blog/smart-ways-to-pay-rent-with-a-credit-card-top-platforms-for-2026,3,981,0.31%,6.26
https://360ghar.com/blog/bhu-naksha-gujarat-a-transparent-guide-to-digital-land-maps-2025,3,417,0.72%,9.13
https://360ghar.com/refer-and-earn/,3,148,2.03%,7.56
https://360ghar.com/blog/how-to-check-property-disputes-or-litigation-in-india-2025-guide,3,78,3.85%,4.64
https://360ghar.com/blog/siddhant-chaturvedis-home-a-detailed-look-at-his-juhu-residence-net-worth-lifestyle,3,59,5.08%,8.08
https://360ghar.com/truth/magicbricks-spam/,2,121,1.65%,7.44
https://360ghar.com/blog/inside-keerthy-sureshs-chennai-residence-a-look-at-modern-luxury-and-design,2,103,1.94%,8.34
https://360ghar.com/blog/inside-milind-somans-prabhadevi-residence-a-blend-of-luxury-and-wellness,2,96,2.08%,6.68
https://360ghar.com/blog/inside-kriti-sanons-mumbai-residence-a-case-study-in-premium-real-estate,2,65,3.08%,8.34
https://360ghar.com/ai-agent/,2,53,3.77%,7.26
https://360ghar.com/blog/inside-suniel-shettys-real-estate-portfolio-a-case-study-in-luxury-and-strategic-investment,2,39,5.13%,8.15
https://360ghar.com/blog/waghodia-road-vadodaras-emerging-hub-for-affordable-housing-and-modern-infrastructure,2,32,6.25%,6.09
https://360ghar.com/locality/doordarshan-apartment-gurgaon,2,28,7.14%,8.25
https://360ghar.com/blog/property-mutation-in-india-a-complete-step-by-step-guide-for-homeowners,1,551,0.18%,7.07
https://360ghar.com/blog/inside-allu-arjuns-100-crore-mansion-a-blueprint-for-luxury-living,1,505,0.2%,6.75
https://360ghar.com/blog/inside-hardik-pandyas-real-estate-portfolio-a-look-at-his-mumbai-and-vadodara-homes,1,450,0.22%,4.21
https://360ghar.com/blog/mcd-property-tax-in-delhi-2026-a-complete-guide-to-payments-rates-and-rebates,1,318,0.31%,8.59
https://360ghar.com/area-converter/,1,306,0.33%,14.49
https://360ghar.com/truth/99acres-fake/,1,232,0.43%,6.62
https://360ghar.com/blog/shubman-gills-fazilka-residence-a-real-estate-case-study-in-lifestyle-and-location,1,227,0.44%,8.89
https://360ghar.com/blog/decoding-the-design-and-location-of-vikrams-chennai-residence-a-360-ghar-insight,1,167,0.6%,9.1
https://360ghar.com/blog/teja-sajjas-real-estate-portfolio-a-look-at-strategic-property-investments-in-hyderabad,1,163,0.61%,6.53
https://360ghar.com/blog/inside-ajay-devgn-and-kajols-juhu-bungalow-a-case-study-in-luxury-real-estate-investment,1,156,0.64%,8.31
https://360ghar.com/blog/inside-yashasvi-jaiswals-home-price-location-and-real-estate-insights,1,151,0.66%,9.99
https://360ghar.com/blog/essential-documents-to-prove-property-ownership-in-india-a-complete-guide,1,149,0.67%,18.46
https://360ghar.com/blog/shyam-kutir-86-a-verified-analysis-of-premium-4-bhk-villas-in-hathijan,1,147,0.68%,9.19
https://360ghar.com/blog/inside-shubham-dubeys-home-real-estate-insights-on-tier-3-investments,1,118,0.85%,6.42
https://360ghar.com/truth/magicbricks-spam,1,115,0.87%,8.38
https://360ghar.com/blog/inside-ananya-pandays-bandra-west-home-a-benchmark-for-luxury-living,1,103,0.97%,6.72
https://360ghar.com/blog/real-estate-insights-inside-chiranjeevis-iconic-jubilee-hills-villa,1,78,1.28%,8.86
https://360ghar.com/blog/anupam-khers-homes-a-look-at-real-estate-choices-across-mumbai-shimla-and-new-york,1,71,1.41%,7.24
https://360ghar.com/blog/tulsi-plant-direction-as-per-vastu-invite-positivity-into-your-home,1,71,1.41%,9.07
https://360ghar.com/blog/how-to-rent-a-high-end-apartment-in-gurgaon-without-the-hassle,1,64,1.56%,22.3
https://360ghar.com/for-ai/,1,46,2.17%,4.98
https://360ghar.com/blog/gujarat-reras-new-banking-rules-a-new-era-of-financial-transparency-for-homebuyers,1,42,2.38%,6.43
https://360ghar.com/blog/patta-chitta-for-agricultural-land-in-tamil-nadu-a-guide-to-ownership-and-conversion,1,42,2.38%,7.79
https://360ghar.com/blog/inside-cristiano-ronaldos-turin-villa-a-masterclass-in-luxury-real-estate,1,32,3.12%,6.28
https://360ghar.com/blog/farhan-akhtars-bandra-west-residence-a-deep-dive-into-mumbais-luxury-real-estate-market,1,28,3.57%,6.71
https://360ghar.com/blog/vastu-tips-for-your-childs-room-designing-for-growth-focus,1,25,4%,5.88
https://360ghar.com/truth/99acres-fake,1,23,4.35%,6.48
https://360ghar.com/truth/nobroker-listings/,1,22,4.55%,5.77
https://360ghar.com/blog/inside-bhumi-pednekars-juhu-home-luxury-sustainability-and-serenity,1,17,5.88%,9.18
https://360ghar.com/locality/dlf-pink-town-house-gurgaon,1,17,5.88%,12.94
https://360ghar.com/vs/nobroker/,1,16,6.25%,6.81
https://360ghar.com/blog/why-variav-surat-is-emerging-as-a-strategic-real-estate-destination,1,16,6.25%,9.81
https://360ghar.com/blog/randesan-a-strategic-locality-for-verified-property-growth-in-gandhinagar,1,15,6.67%,9.47
https://360ghar.com/locality/new-sathi-apartment-gurgaon,1,14,7.14%,7.71
https://360ghar.com/blog/randheja-an-emerging-real-estate-destination-near-gandhinagar,1,12,8.33%,6.42
https://360ghar.com/locality/kst-urban-universe-gurgaon,1,11,9.09%,6.18
https://360ghar.com/locality/aravali-hills-gurgaon,1,11,9.09%,10.27
https://360ghar.com/locality/unitech-green-wood-city-plots-gurgaon,1,10,10%,3.9
https://360ghar.com/blog/how-mmrdas-mumbai-in-minutes-plan-is-set-to-reshape-real-estate,1,10,10%,4.5
https://360ghar.com/locality/raheja-krishna-housing-scheme-gurgaon,1,10,10%,7.7
https://360ghar.com/locality/prestige-city-gurgaon,1,9,11.11%,32.33
https://360ghar.com/locality/rpf-co-operative-housing-society-gurgaon,1,7,14.29%,6.14
https://360ghar.com/locality/spaze-boulevard-2-gurgaon,1,5,20%,6.6
https://360ghar.com/locality/unitech-heritage-city-gurgaon,1,5,20%,10.2
https://360ghar.com/locality/garden-estate-gurgaon,1,5,20%,12.2
https://360ghar.com/blog/waghodia-road-vs-gotri-a-comparative-guide-for-2bhk-flats-in-vadodara,1,4,25%,5.75
https://360ghar.com/locality/signature-global-twin-tower-dxp-gurgaon,1,4,25%,10
https://360ghar.com/design-blueprint,1,4,25%,24
https://360ghar.com/gurgaon/pg/flats,1,2,50%,2.5
https://360ghar.com/locality/atlantis-cghs-gurgaon,1,2,50%,2.5
https://360ghar.com/locality/rwa-sector-56-gurgaon,1,2,50%,2.5
https://360ghar.com/locality/medinova-apartment-gurgaon,1,2,50%,11
https://360ghar.com/locality/deepak-apartments-gurgaon,1,1,100%,2
https://360ghar.com/locality/emerald-floor-jemma-gurgaon,1,1,100%,4
https://360ghar.com/locality/agrante-beethoven-8-gurgaon,1,1,100%,8
https://360ghar.com/locality/sector-88-gurgaon,1,1,100%,11
https://360ghar.com/blog/,1,1,100%,48
https://360ghar.com/blog/documents-required-for-loan-against-property-in-india-a-complete-checklist,0,1009,0%,49.19
https://360ghar.com/localities/,0,712,0%,8.8
https://360ghar.com/blog/sharad-kelkars-malad-west-residence-a-look-at-real-estate-net-worth-and-career-highlights,0,446,0%,7.05
https://360ghar.com/blog/understanding-the-national-building-code-nbc-a-guide-to-safe-and-compliant-living-in-india,0,401,0%,9.51
https://360ghar.com/blog/gst-on-under-construction-properties-in-2025-a-complete-guide-for-homebuyers,0,384,0%,6.45
https://360ghar.com/blog/mumbai-property-prices-2025-trends-data-and-insights-for-buyers,0,371,0%,6.85
https://360ghar.com/loan-eligibility-calculator/,0,275,0%,82.35
https://360ghar.com/blog/understanding-the-role-of-a-co-applicant-in-your-home-loan-journey,0,227,0%,32.19
https://360ghar.com/blog/best-vastu-elephant-placement-direction-guide-for-a-harmonious-home,0,226,0%,7.8
https://360ghar.com/blog/stamp-duty-registration-charges-in-mumbai-2025-a-complete-guide,0,157,0%,35.12
https://360ghar.com/blog/top-10-posh-areas-in-mumbai-for-real-estate-investment-in-2025,0,156,0%,5.85
https://360ghar.com/area-calculator,0,142,0%,23.75
https://360ghar.com/blog/indias-tallest-buildings-a-guide-to-the-nations-sky-high-architectural-marvels,0,139,0%,8.14
https://360ghar.com/blog/ayesha-khans-mumbai-home-location-insights-price-analysis-and-net-worth,0,137,0%,4.22
https://360ghar.com/blog/inside-disha-patanis-mumbai-home-real-estate-insights-location-and-lifestyle,0,129,0%,7.91
https://360ghar.com/blog/inside-prabhas-60-crore-jubilee-hills-mansion-a-case-study-in-luxury-real-estate,0,121,0%,8.83
https://360ghar.com/blog/estimating-house-construction-costs-in-ahmedabad-2024-25-guide,0,115,0%,9.5
https://360ghar.com/blog/meenakshi-chaudharys-7-crore-hyderabad-home-real-estate-analysis-career-success,0,110,0%,7.02
https://360ghar.com/blog/how-to-sell-a-property-with-an-outstanding-home-loan-a-complete-guide,0,107,0%,6.27
https://360ghar.com/locality/dlf-oakwood-estate-gurgaon,0,106,0%,10.42
https://360ghar.com/blog/ready-to-move-in-vs-under-construction-flats-a-transparent-guide-for-homebuyers,0,103,0%,9.94
https://360ghar.com/blog/how-to-verify-land-titles-online-in-india-a-step-by-step-guide,0,101,0%,6.9
https://360ghar.com/blog/rtps-bihar-online-a-simplified-guide-to-applying-for-essential-certificates,0,99,0%,8.57
https://360ghar.com/blog/power-of-attorney-poa-in-gujarat-a-transparent-guide-for-property-management,0,96,0%,5.74
https://360ghar.com/blog/partial-occupancy-certificate-poc-a-complete-guide-for-homebuyers,0,95,0%,8.83
https://360ghar.com/blog/land-acquisition-act-2025-what-every-homebuyer-and-investor-must-know,0,94,0%,4.59
https://360ghar.com/vs/magicbricks/,0,87,0%,10.62
https://360ghar.com/blog/inside-shringar-a-look-at-anil-kapoors-strategic-real-estate-legacy-in-jvpd,0,83,0%,5.05
https://360ghar.com/blog/mhada-lottery-2025-maharashtra-pune-a-transparent-guide-to-affordable-homeownership,0,80,0%,10.32
https://360ghar.com/blog/decoding-the-surge-why-property-prices-in-ahmedabad-are-rising-in-2025,0,79,0%,7.18
https://360ghar.com/blog/kaliyabid-bhavnagar-a-guide-to-affordable-urban-living-and-verified-properties,0,79,0%,8.05
https://360ghar.com/blog/inside-aditi-bhatias-mumbai-residence-real-estate-asset-valuation-and-net-worth-analysis,0,78,0%,9.9
https://360ghar.com/locality/dlf-phase-2-gurgaon,0,78,0%,27
https://360ghar.com/blog/e-dhara-gujarat-2024-a-step-by-step-guide-to-digital-land-mutation,0,74,0%,8.01
https://360ghar.com/loan-eligibility-calculator,0,74,0%,80.76
https://360ghar.com/locality/abw-verona-hills-gurgaon,0,73,0%,6.04
https://360ghar.com/blog/tejasswi-prakashs-763-crore-bandra-investment-a-case-study-in-strategic-real-estate,0,73,0%,7.15
https://360ghar.com/blog/understanding-property-trespassing-in-india-rights-laws-and-remedies,0,71,0%,6.72
https://360ghar.com/blog/how-to-file-a-complaint-under-rera-a-step-by-step-guide-for-homebuyers,0,71,0%,14.99
https://360ghar.com/locality/dlf-belvedere-park-gurgaon,0,70,0%,10.81
https://360ghar.com/blog/main-door-vastu-tips-optimizing-your-entrance-for-positive-energy-and-value,0,69,0%,42.1
https://360ghar.com/capital-gains-tax-calculator/,0,69,0%,60.71
https://360ghar.com/blog/mumbai-pune-expressway-how-connectivity-and-infrastructure-drive-real-estate-value,0,68,0%,7.31
https://360ghar.com/blog/nayantharas-real-estate-portfolio-a-look-at-the-lady-superstars-100-crore-property-investments,0,67,0%,8
https://360ghar.com/blog/deemed-conveyance-in-maharashtra-process-benefits-and-legal-guide-2025,0,66,0%,5.71
https://360ghar.com/blog/gorakhpurpanipat-expressway-a-new-era-for-connectivity-and-real-estate-in-north-india,0,65,0%,6.6
https://360ghar.com/blog/inside-janhvi-kapoors-residences-a-study-in-luxury-real-estate-and-value,0,64,0%,7.33
https://360ghar.com/blog/the-navi-mumbai-international-airport-effect-how-infrastructure-is-reshaping-real-estate,0,63,0%,4.32
https://360ghar.com/blog/average-price-of-2bhk-flats-in-vadodara-a-2025-market-guide,0,62,0%,5.08
https://360ghar.com/blog/understanding-super-built-up-area-meaning-formula-and-loading,0,61,0%,21.57
https://360ghar.com/blog/water-fountain-vastu-for-home-best-directions-placement-and-benefits,0,60,0%,24.4
https://360ghar.com/blog/arowana-fish-feng-shui-bringing-luck-harmony-and-energy-to-your-home,0,59,0%,10.75
https://360ghar.com/blog/7-practical-vastu-remedies-for-common-home-problems,0,59,0%,27.47
https://360ghar.com/blog/inside-xanadu-20-a-deep-dive-into-the-tech-forward-home-of-bill-gates,0,58,0%,8.59
https://360ghar.com/blog/strategic-guide-to-selling-land-in-india-for-maximum-profit,0,58,0%,15.12
https://360ghar.com/blog/vastu-colors-for-home-a-guide-to-harmony-and-positive-energy,0,58,0%,16.78
https://360ghar.com/blog/mhada-lottery-2025-planning-for-stamp-duty-loans-and-hidden-costs,0,57,0%,8.53
https://360ghar.com/blog/inside-rashmika-mandannas-real-estate-portfolio-lessons-in-luxury-and-diversification,0,56,0%,7.8
https://360ghar.com/blog/how-to-choose-a-lucky-house-name-as-per-vastu,0,56,0%,15.91
https://360ghar.com/blog/bts-house-in-south-korea-an-exclusive-look-at-location-price-and-luxury-real-estate,0,54,0%,10.04
https://360ghar.com/blog/top-7-high-demand-localities-in-ahmedabad-for-2025-a-market-overview,0,52,0%,6.88
https://360ghar.com/blog/inside-ratan-tatas-home-a-masterclass-in-understated-luxury,0,52,0%,13
https://360ghar.com/vs/99acres/,0,49,0%,7.53
https://360ghar.com/blog/inside-kl-rahuls-mumbai-residence-a-case-study-in-luxury-real-estate-value,0,49,0%,10.45
https://360ghar.com/blog/india-international-bullion-exchange-iibx-inaugurated-at-gift-city-a-new-standard-for-transparency-and-infrastructure,0,47,0%,7.28
https://360ghar.com/blog/perfecting-your-east-facing-pooja-room-essential-vastu-tips,0,47,0%,11.43
https://360ghar.com/blog/mutation-of-agricultural-land-a-guide-to-transparent-investment-in-rural-india,0,46,0%,6.54
https://360ghar.com/blog/commercial-vs-residential-real-estate-in-india-which-offers-better-roi,0,45,0%,10.09
https://360ghar.com/blog/why-nikol-ahmedabad-is-a-smart-choice-for-homebuyers-a-transparency-first-guide,0,44,0%,5.25
https://360ghar.com/truth/zolo-issues/,0,44,0%,7.8
https://360ghar.com/blog/how-to-check-jantri-rates-in-gujarat-online-a-step-by-step-guide,0,42,0%,16.12
https://360ghar.com/blog/indias-new-north-south-green-expressway-redefining-connectivity-and-real-estate-potential,0,41,0%,3.41
https://360ghar.com/locality/unitech-nirvana-country-aspen-greens-gurgaon,0,41,0%,6.46
https://360ghar.com/blog/vastu-name-plate-design-guide,0,41,0%,10.41
https://360ghar.com/blog/adajan-surat-a-comprehensive-look-at-a-thriving-real-estate-hub,0,40,0%,8.2
https://360ghar.com/design-blueprint/,0,40,0%,65.58
https://360ghar.com/blog/5-essential-lighting-solutions-to-brighten-your-home-this-monsoon,0,37,0%,8
https://360ghar.com/policies/grievance-redressal-mechanism,0,35,0%,6.71
https://360ghar.com/blog/real-estate-outlook-2026-top-investment-zones-in-the-mumbai-metropolitan-region,0,35,0%,7.57
https://360ghar.com/blog/20-vastu-wall-paintings-to-invite-good-luck-and-positivity,0,35,0%,36.26
https://360ghar.com/vs/squareyards/,0,34,0%,10.12
https://360ghar.com/blog/inside-lionel-messis-real-estate-portfolio-lessons-in-luxury-and-privacy,0,32,0%,6.59
https://360ghar.com/blog/sonu-soods-house-in-mumbai-location-design-and-real-estate-insights,0,32,0%,8.03
https://360ghar.com/blog/top-areas-in-gandhinagar-for-a-modern-lifestyle,0,32,0%,8.88
https://360ghar.com/blog/vision-ventus-redefining-luxury-living-in-randesan-gandhinagar,0,32,0%,9.34
https://360ghar.com/blog/inside-varun-dhawans-juhu-residence-a-look-at-prime-mumbai-real-estate,0,32,0%,10.62
https://360ghar.com/blog/how-green-building-certifications-drive-property-value-in-india,0,31,0%,5.84
https://360ghar.com/blog/bhulekh-up-2025-a-guide-to-accessing-khasra-land-records-with-ease,0,30,0%,6.67
https://360ghar.com/blog/government-schemes-for-first-time-home-buyers-in-india-a-2024-guide,0,30,0%,23.3
https://360ghar.com/locality/gulmohar-apartment-gurgaon,0,29,0%,10.45
https://360ghar.com/blog/balance-your-home-with-vastu-aligning-the-five-elements-for-positive-energy,0,28,0%,5.86
https://360ghar.com/locality/ardee-city-palm-grove-heights-gurgaon,0,28,0%,8.68
https://360ghar.com/locality/rwa-sector-47-gurgaon,0,27,0%,7.96
https://360ghar.com/blog/dev-aurum-kudasan-a-verified-guide-to-luxury-living-in-gandhinagar,0,27,0%,11.15
https://360ghar.com/locality/vasant-apartment-gurgaon,0,27,0%,11.56
https://360ghar.com/locality/dlf-royalton-tower-gurgaon,0,26,0%,8.69
https://360ghar.com/blog/sector-43-deep-dive-lifestyle-connectivity-and-investment-potential-in-gurgaon,0,25,0%,5.52
https://360ghar.com/locality/ace-palm-floors-gurgaon,0,25,0%,9.48
https://360ghar.com/locality/dlf-beverly-park-ii-gurgaon,0,24,0%,9.33
https://360ghar.com/policies/privacy-policy,0,24,0%,10.04
https://360ghar.com/blog/sardar-nagar-understanding-the-real-estate-dynamics-in-bhavnagar,0,24,0%,10.25
https://360ghar.com/blog/inside-antilia-a-look-at-mukesh-ambanis-architectural-marvel,0,23,0%,5.96
https://360ghar.com/blog/inside-rani-mukherjees-real-estate-portfolio-a-look-at-luxury-privacy-and-value,0,23,0%,7.39
https://360ghar.com/blog/renting-in-gandhinagar-a-transparent-guide-to-pros-and-cons,0,23,0%,7.7
https://360ghar.com/blog/gujarat-jantri-rate-hike-2025-what-buyers-and-investors-need-to-know,0,23,0%,8.13
https://360ghar.com/blog/vinayak-courtyard-a-spotlight-on-resort-style-living-in-gandhinagar,0,22,0%,9.05
https://360ghar.com/blog/nidhhi-agerwals-mumbai-home-inside-her-luxurious-bandra-residence,0,21,0%,5.76
https://360ghar.com/locality/sare-homes-crescent-parc-petioles-gurgaon,0,21,0%,7.95
https://360ghar.com/locality/sector-44-gurgaon,0,21,0%,8.76
https://360ghar.com/blog/how-to-calculate-your-emi-for-home-loans-and-loan-against-property-lap,0,21,0%,63.1
https://360ghar.com/blog/the-mumbai-coastal-road-sparking-a-real-estate-renaissance-in-south-mumbai,0,20,0%,4.7
https://360ghar.com/locality/ekta-apartments-gurgaon,0,20,0%,6.75
https://360ghar.com/blog/affordable-housing-in-dindoli-surat-a-2024-25-homebuyers-guide,0,20,0%,6.95
https://360ghar.com/locality/city-heights-gurgaon,0,20,0%,9.05
https://360ghar.com/locality/raheja-vedaanta-floors-gurgaon,0,20,0%,10.95
https://360ghar.com/locality/dlf-phase-5-gurgaon,0,20,0%,18.4
https://360ghar.com/locality/bhondsi-gurgaon,0,20,0%,27.15
https://360ghar.com/blog/the-role-of-directions-in-vastu-feng-shui-for-positive-energy,0,19,0%,6.21
https://360ghar.com/locality/lions-society-gurgaon,0,19,0%,8.47
https://360ghar.com/blog/chandra-grahan-2026-5-essential-post-eclipse-rituals-for-a-positive-home,0,18,0%,6.83
https://360ghar.com/locality/tarika-apartments-gurgaon,0,18,0%,6.83
https://360ghar.com/blog/sevasi-vadodaras-emerging-hub-for-peaceful-living-and-smart-investment,0,18,0%,7.44
https://360ghar.com/locality/prithvi-apartment-gurgaon,0,18,0%,8.11
https://360ghar.com/blog/how-the-bhatta-parsaul-protests-reshaped-land-laws-and-real-estate-in-india,0,18,0%,8.67
https://360ghar.com/blog/financial-benefits-of-green-certified-offices-in-india-a-smart-investment-for-2025,0,18,0%,9.5
https://360ghar.com/locality/bhim-garh-kheri-gurgaon,0,18,0%,9.67
https://360ghar.com/locality/parsvnath-green-ville-gurgaon,0,18,0%,11.5
https://360ghar.com/locality/vipul-world-gurgaon,0,18,0%,18.5
https://360ghar.com/blog/what-is-an-occupancy-certificate-oc-and-why-it-is-crucial-for-homebuyers,0,18,0%,60.39
https://360ghar.com/vs/housing/,0,17,0%,6.65
https://360ghar.com/locality/irwo-westend-towers-gurgaon,0,17,0%,9.12
https://360ghar.com/blog/kudasan-gandhinagar-exploring-a-rapidly-growing-real-estate-hub,0,17,0%,10.06
https://360ghar.com/blog/prepaying-your-home-loan-key-factors-to-evaluate-before-you-decide,0,17,0%,10.18
https://360ghar.com/locality/pyramid-elite-gurgaon,0,17,0%,10.35
https://360ghar.com/blog/gurgaons-most-sought-after-luxury-corridors-golf-course-road-vs-dwarka-expressway,0,17,0%,12.76
https://360ghar.com/locality/sector-64-gurgaon,0,17,0%,17
https://360ghar.com/locality/projects-in-palam-vihar-extension-gurgaon,0,17,0%,18.76
https://360ghar.com/blog/7-essential-feng-shui-crystals-to-harmonize-your-new-home,0,16,0%,4
https://360ghar.com/blog/top-7-mistakes-nris-make-while-investing-in-indian-real-estate,0,16,0%,4.62
https://360ghar.com/blog/r-madhavans-real-estate-portfolio-a-study-in-strategic-investment-and-design,0,16,0%,4.88
https://360ghar.com/locality/tulip-lemon-project-gurgaon,0,16,0%,6.25
https://360ghar.com/locality/nirvana-country-birch-court-gurgaon,0,16,0%,6.44
https://360ghar.com/locality/cedar-estate-gurgaon,0,16,0%,8.69
https://360ghar.com/locality/ansal-valley-view-estate-gurgaon,0,16,0%,9.38
https://360ghar.com/locality/jasminium-apartment-gurgaon,0,16,0%,9.5
https://360ghar.com/locality/vipul-greens-gurgaon,0,16,0%,11.69
https://360ghar.com/locality/dlf-hamilton-court-gurgaon,0,16,0%,14.25
https://360ghar.com/blog/best-vastu-paintings-for-home-a-guide-to-positivity-and-prosperity,0,16,0%,45.56
https://360ghar.com/contact/,0,15,0%,3.27
https://360ghar.com/properties/,0,15,0%,3.87
https://360ghar.com/blog/how-the-2025-itc-removal-is-reshaping-commercial-real-estate-yields,0,15,0%,4.4
https://360ghar.com/blog/the-future-of-reit-investments-in-india-2025-a-modern-perspective,0,15,0%,6.07
https://360ghar.com/truth/nobroker-listings,0,15,0%,6.67
https://360ghar.com/locality/m3m-golfestate-gurgaon,0,15,0%,7
https://360ghar.com/locality/msl-apartments-gurgaon,0,15,0%,7.27
https://360ghar.com/vs/nestaway/,0,15,0%,7.73
https://360ghar.com/blog/vastu-tips-for-better-sleep-creating-a-restful-bedroom-sanctuary,0,15,0%,8.13
https://360ghar.com/blog/keshvam-skyview-a-verified-look-at-luxury-living-in-gandhinagar,0,15,0%,8.2
https://360ghar.com/locality/ss-aaron-ville-gurgaon,0,15,0%,11
https://360ghar.com/blog/gorwa-real-estate-market-trends-2025-a-strategic-overview,0,14,0%,2.21
https://360ghar.com/blog/decoding-the-luxury-housing-boom-in-delhi-ncr-a-360-ghar-insight,0,14,0%,4.71
https://360ghar.com/locality/urban-estate-residents-welfare-association-sector-4-and-7-gurgaon,0,14,0%,5.57
https://360ghar.com/locality/pwo-housing-complex-gurgaon,0,14,0%,6.5
https://360ghar.com/blog/20-practical-tips-for-decorating-your-home-with-spider-plants,0,14,0%,6.93
https://360ghar.com/locality/awho-vijay-rattan-vihar-gurgaon,0,14,0%,8.79
https://360ghar.com/blog/sriprad-aayansh-sargasan-a-detailed-look-at-luxury-3-bhk-living-in-gandhinagar,0,14,0%,8.86
https://360ghar.com/locality/dlf-richmond-park-gurgaon,0,14,0%,8.93
https://360ghar.com/locality/ansal-harmony-homes-gurgaon,0,14,0%,10.36
https://360ghar.com/locality/projects-in-laxman-vihar-phase-2-gurgaon,0,14,0%,11.71
https://360ghar.com/gurgaon/rent/flats/,0,14,0%,19.43
https://360ghar.com/about-us/,0,13,0%,2.92
https://360ghar.com/locality/mehta-comfort-villas-gurgaon,0,13,0%,4.77
https://360ghar.com/blog/buying-property-in-nava-naroda-ahmedabad-a-complete-guide-for-modern-homebuyers,0,13,0%,7.15
https://360ghar.com/blog/top-10-localities-in-gandhinagar-to-call-home-in-2025,0,13,0%,7.92
https://360ghar.com/locality/palam-vihar-extension-gurgaon,0,13,0%,10.85
https://360ghar.com/locality/parsvnath-green-ville-villa-gurgaon,0,13,0%,11.62
https://360ghar.com/locality/apex-apartments-sector-61-gurgaon,0,13,0%,11.85
https://360ghar.com/locality/dlf-silver-oaks-gurgaon,0,13,0%,22.31
https://360ghar.com/noida/pg/flats,0,13,0%,55.54
https://360ghar.com/blog/budget-2026-how-the-proposed-90-lakh-housing-cap-impacts-you,0,12,0%,4.83
https://360ghar.com/blog/indian-real-estate-market-stabilizes-housing-price-growth-slows-to-6,0,12,0%,5.33
https://360ghar.com/blog/key-policy-moves-in-q2-2025-how-new-reforms-are-boosting-real-estate-liquidity,0,12,0%,5.75
https://360ghar.com/locality/ansal-heights-ii-gurgaon,0,12,0%,5.92
https://360ghar.com/locality/unitech-wildflower-country-plots-gurgaon,0,12,0%,5.92
https://360ghar.com/locality/housing-board-colony-sector-51-gurgaon,0,12,0%,7.5
https://360ghar.com/blog/gotri-vadodara-a-benchmark-for-premium-real-estate-and-modern-living,0,12,0%,7.67
https://360ghar.com/locality/ardee-city-residency-gurgaon,0,12,0%,7.67
https://360ghar.com/locality/rajesh-pilot-marg-gurgaon,0,12,0%,8
https://360ghar.com/blog/affordable-properties-in-katargam-surat-a-comprehensive-guide-for-homebuyers,0,12,0%,8.17
https://360ghar.com/blog/mota-mava-rajkot-an-emerging-prime-residential-destination,0,12,0%,8.17
https://360ghar.com/blog/elon-musks-real-estate-journey-from-luxury-mansions-to-a-prefabricated-casita,0,12,0%,8.25
https://360ghar.com/locality/shiv-shakti-apartment-gurgaon,0,12,0%,8.25
https://360ghar.com/builder-reputation/,0,12,0%,11.67
https://360ghar.com/locality/dlf-phase-1-gurgaon/,0,12,0%,13
https://360ghar.com/blog/manjalpur-real-estate-a-verified-perspective-on-family-living-in-vadodara,0,12,0%,18.08
https://360ghar.com/locality/vatika-turning-point-gurgaon,0,12,0%,20.5
https://360ghar.com/locality/bhawna-apartment-gurgaon,0,11,0%,4.36
https://360ghar.com/locality/umang-monsoon-breeze-phase-ii-gurgaon,0,11,0%,4.73
https://360ghar.com/locality/krishna-apartment-gurgaon,0,11,0%,6
https://360ghar.com/blog/samantha-ruth-prabhus-house-in-jubilee-hills-a-look-at-hyderabads-premium-real-estate,0,11,0%,6.91
https://360ghar.com/blog/buying-vs-renting-a-3bhk-in-vadodara-a-transparent-guide-for-home-seekers,0,11,0%,7
https://360ghar.com/locality/ansal-florence-residency-gurgaon,0,11,0%,7.55
https://360ghar.com/locality/uphaar-homes-gurgaon,0,11,0%,7.55
https://360ghar.com/locality/vijay-ratan-vihar-gurgaon,0,11,0%,7.55
https://360ghar.com/locality/m3m-urbana-one-key-resiments-gurgaon,0,11,0%,8.82
https://360ghar.com/locality/housing-board-colony-sector-57-gurgaon,0,11,0%,9
https://360ghar.com/locality/golf-course-road-gurgaon/,0,11,0%,10
https://360ghar.com/vs/squareyards,0,11,0%,10
https://360ghar.com/locality/bptp-park-prime-project-gurgaon,0,11,0%,10.09
https://360ghar.com/locality/eldeco-accolade-gurgaon,0,11,0%,10.64
https://360ghar.com/blog/hra-calculation-guide-how-to-save-on-taxes-while-renting-a-home,0,11,0%,21.45
https://360ghar.com/property-document-checklist/,0,11,0%,55.64
https://360ghar.com/faq/,0,10,0%,4.3
https://360ghar.com/locality/sachdeva-tower-gurgaon,0,10,0%,4.9
https://360ghar.com/locality/whispering-meadows-gurgaon,0,10,0%,6.2
https://360ghar.com/locality/uphaar-residency-2-gurgaon,0,10,0%,6.4
https://360ghar.com/locality/prerna-apartment-gurgaon,0,10,0%,6.5
https://360ghar.com/locality/sukh-shanti-apartment-gurgaon,0,10,0%,6.5
https://360ghar.com/refer-and-earn,0,10,0%,6.5
https://360ghar.com/locality/projects-in-sohna-sector-23-gurgaon-gurgaon,0,10,0%,7
https://360ghar.com/blog/understanding-reits-in-india-a-modern-guide-to-real-estate-investment,0,10,0%,7.3
https://360ghar.com/locality/dlf-wellington-estate-gurgaon,0,10,0%,7.8
https://360ghar.com/locality/pragati-apartment-gurgaon,0,10,0%,8
https://360ghar.com/locality/alpha-corp-gurgaon-one-22-gurgaon,0,10,0%,8.9
https://360ghar.com/locality/milan-cghs-gurgaon,0,10,0%,8.9
https://360ghar.com/blog/residential-real-estate-market-in-gandhinagar-2025-a-modern-verified-perspective,0,10,0%,9.1
https://360ghar.com/locality/housing-board-colony-sector-10-gurgaon,0,10,0%,10
https://360ghar.com/locality/pyramid-fusion-homes-gurgaon,0,10,0%,10.3
https://360ghar.com/locality/dlf-magnolias-project-gurgaon,0,10,0%,10.4
https://360ghar.com/locality/saan-verdante-gurgaon,0,10,0%,10.5
https://360ghar.com/blog/bhimrad-surat-a-strategic-real-estate-investment-guide,0,10,0%,10.8
https://360ghar.com/blog/why-atulyam-saral-in-kudasan-is-your-ideal-choice-a-verified-perspective,0,10,0%,14.7
https://360ghar.com/gurgaon/buy/builder-floor/3-bhk,0,10,0%,17.5
https://360ghar.com/blog/how-to-find-the-perfect-tenant-for-your-rental-property-a-landlords-guide,0,10,0%,18.3
https://360ghar.com/blog/7-horse-painting-vastu-direction-the-right-placement-for-prosperity-and-success,0,10,0%,25.5
https://360ghar.com/locality/adani-veris-gurgaon,0,10,0%,29.5
https://360ghar.com/project/,0,9,0%,2.22
https://360ghar.com/locality/housing-board-colony-sector-42-gurgaon,0,9,0%,5.89
https://360ghar.com/locality/crown-plaza-sector-31-gurgaon,0,9,0%,6
https://360ghar.com/locality/delhi-blue-apartments-gurgaon,0,9,0%,6.22
https://360ghar.com/locality/shivalaya-apartment-gurgaon,0,9,0%,6.22
https://360ghar.com/locality/cghs-hewo-apartments-part-2-gurgaon,0,9,0%,6.33
https://360ghar.com/blog/2bhk-flat-prices-in-vadodara-alkapuri-vs-gotri-market-analysis,0,9,0%,6.78
https://360ghar.com/locality/urja-towers-gurgaon,0,9,0%,7
https://360ghar.com/locality/omaxe-olive-heights-gurgaon,0,9,0%,7.11
https://360ghar.com/locality/dlf-regency-park-ii-gurgaon,0,9,0%,7.44
https://360ghar.com/locality/aravali-homes-gurgaon,0,9,0%,7.78
https://360ghar.com/locality/dew-drop-apartments-gurgaon,0,9,0%,7.89
https://360ghar.com/locality/ascott-ireo-city-gurgaon,0,9,0%,8.11
https://360ghar.com/locality/vastu-apartment-gurgaon,0,9,0%,8.11
https://360ghar.com/locality/cghs-doordarshan-apartments-gurgaon,0,9,0%,8.44
https://360ghar.com/locality/emaar-palm-heights-project-gurgaon,0,9,0%,8.44
https://360ghar.com/locality/mrg-meridian-gurgaon,0,9,0%,8.56
https://360ghar.com/locality/dlf-crest-project-gurgaon,0,9,0%,8.78
https://360ghar.com/locality/rof-aalayas-gurgaon,0,9,0%,8.78
https://360ghar.com/locality/ganpati-apartment-gurgaon,0,9,0%,9
https://360ghar.com/locality/prasha-cghs-gurgaon,0,9,0%,9.56
https://360ghar.com/locality/emaar-emerald-classic-gurgaon,0,9,0%,9.67
https://360ghar.com/locality/jan-pratinidhi-apartment-gurgaon,0,9,0%,9.67
https://360ghar.com/locality/ild-grand-centra-gurgaon,0,9,0%,9.78
https://360ghar.com/gurgaon/pg/flats/,0,9,0%,9.89
https://360ghar.com/locality/shyam-kunj-gurgaon,0,9,0%,10.56
https://360ghar.com/locality/dlf-camellias-gurgaon,0,9,0%,10.89
https://360ghar.com/locality/block-d-sector-44-gurgaon,0,9,0%,11.78
https://360ghar.com/locality/sector-81-gurgaon,0,9,0%,11.78
https://360ghar.com/locality/kankrola-gurgaon,0,9,0%,12
https://360ghar.com/blog/tax-benefits-on-home-loans-in-india-a-complete-guide-for-smart-homebuyers,0,9,0%,13.78
https://360ghar.com/locality/paras-irene-project-gurgaon,0,9,0%,13.89
https://360ghar.com/property/965,0,9,0%,14.56
https://360ghar.com/locality/chakkarpur-gurgaon,0,9,0%,15.67
https://360ghar.com/locality/jharsa-gurgaon,0,9,0%,16.22
https://360ghar.com/locality/lord-krishna-apartment-gurgaon,0,9,0%,22.22
https://360ghar.com/locality/projects-in-bilaspur-kalan-gurgaon,0,9,0%,33
https://360ghar.com/blog/why-branded-residences-are-the-new-status-symbol-in-gurgaon,0,9,0%,36.89
https://360ghar.com/policies/,0,8,0%,3.75
https://360ghar.com/blog/essential-guide-to-buying-property-in-ranip-ahmedabad,0,8,0%,3.88
https://360ghar.com/locality/sagewood-floors-gurgaon,0,8,0%,4.12
https://360ghar.com/locality/era-skyville-gurgaon,0,8,0%,4.38
https://360ghar.com/blog/railnagar-real-estate-connectivity-convenience-and-growth-potential-in-rajkot,0,8,0%,4.5
https://360ghar.com/locality/bestech-park-view-ananda-gurgaon,0,8,0%,4.62
https://360ghar.com/locality/shashi-apartment-gurgaon,0,8,0%,5.12
https://360ghar.com/locality/rwa-sector-45-gurgaon,0,8,0%,5.88
https://360ghar.com/locality/mariners-home-gurgaon,0,8,0%,6
https://360ghar.com/locality/mihir-apartments-gurgaon,0,8,0%,6.38
https://360ghar.com/locality/sanjay-arora-floors-6-gurgaon,0,8,0%,6.38
https://360ghar.com/contact,0,8,0%,6.5
https://360ghar.com/locality/bpl-apartments-gurgaon,0,8,0%,7
https://360ghar.com/blog/japans-10-trillion-pledge-what-it-means-for-indias-real-estate-future,0,8,0%,7.38
https://360ghar.com/blog/sm-reits-in-india-a-modern-transparent-approach-to-real-estate-investment,0,8,0%,7.38
https://360ghar.com/locality/mrg-ultimus-gurgaon,0,8,0%,7.38
https://360ghar.com/locality/indiabulls-enigma-gurgaon,0,8,0%,7.5
https://360ghar.com/blog/essential-legal-due-diligence-checklist-for-high-value-property-transactions-in-india,0,8,0%,7.62
https://360ghar.com/locality/huda-sector-18-gurgaon,0,8,0%,7.88
https://360ghar.com/locality/projects-in-manesar-sector-24-gurgaon,0,8,0%,8
https://360ghar.com/locality/pyramid-urban-homes-gurgaon,0,8,0%,8
https://360ghar.com/locality/unitech-close-north-gurgaon,0,8,0%,8
https://360ghar.com/locality/pinnacle-terraces-sector-41-gurgaon,0,8,0%,8.12
https://360ghar.com/locality/bptp-pedestal-gurgaon,0,8,0%,8.25
https://360ghar.com/locality/dlf-regency-park-i-gurgaon,0,8,0%,8.5
https://360ghar.com/locality/orchid-island-gurgaon,0,8,0%,8.62
https://360ghar.com/locality/satguru-apartments-gurgaon,0,8,0%,8.62
https://360ghar.com/locality/dlf-arbour-project-gurgaon,0,8,0%,8.88
https://360ghar.com/locality/shri-ganesh-apartments-gurgaon,0,8,0%,8.88
https://360ghar.com/locality/era-casa-picasso-gurgaon,0,8,0%,9.38
https://360ghar.com/locality/hcbs-sports-ville-gurgaon,0,8,0%,9.62
https://360ghar.com/locality/kiran-residency-gurgaon,0,8,0%,9.62
https://360ghar.com/locality/maple-crescent-gurgaon,0,8,0%,9.62
https://360ghar.com/locality/housing-board-colony-sector-31-gurgaon,0,8,0%,9.75
https://360ghar.com/locality/ocus-24k-gurgaon,0,8,0%,10.25
https://360ghar.com/locality/czar-mahira-homes-63a-gurgaon,0,8,0%,11.88
https://360ghar.com/vs/commonfloor/,0,8,0%,12.75
https://360ghar.com/locality/dlf-icon-gurgaon,0,8,0%,21
https://360ghar.com/locality/sector-40-extension-gurgaon,0,8,0%,22.38
https://360ghar.com/locality/sector-68-gurgaon,0,8,0%,25.25
https://360ghar.com/blog/wind-chimes-in-feng-shui-a-guide-to-positive-energy-and-prosperity-in-your-home,0,8,0%,39.75
https://360ghar.com/locality/sector-49-gurgaon,0,8,0%,42.38
https://360ghar.com/emi-calculator/,0,8,0%,42.88
https://360ghar.com/locality/shree-balaji-apartment-gurgaon,0,7,0%,4
https://360ghar.com/locality/rama-apartment-gurgaon,0,7,0%,5
https://360ghar.com/locality/viman-cooperative-housing-society-gurgaon,0,7,0%,5.14
https://360ghar.com/locality/bhagwati-bhawan-gurgaon,0,7,0%,5.29
https://360ghar.com/locality/ameya-sapphire-eighty-three-gurgaon,0,7,0%,6.29
https://360ghar.com/noida/rent/flats,0,7,0%,6.29
https://360ghar.com/locality/bindapur-gurgaon,0,7,0%,6.43
https://360ghar.com/locality/green-meadows-gurgaon,0,7,0%,6.57
https://360ghar.com/blog/enagar-gujarat-streamlining-real-estate-administration-with-digital-transparency,0,7,0%,6.71
https://360ghar.com/locality/projects-in-sector-110-gurgaon,0,7,0%,6.71
https://360ghar.com/property/1252,0,7,0%,6.86
https://360ghar.com/locality/shanti-apartment-gurgaon,0,7,0%,7.29
https://360ghar.com/locality/ild-arete-gurgaon,0,7,0%,7.43
https://360ghar.com/locality/g99-plots-gurgaon,0,7,0%,7.57
https://360ghar.com/locality/imperia-elvedor-gurgaon,0,7,0%,7.71
https://360ghar.com/locality/ambience-caitriona-gurgaon,0,7,0%,7.86
https://360ghar.com/locality/settlers-india-gurgaon,0,7,0%,8
https://360ghar.com/locality/unitech-sunbreeze-gurgaon,0,7,0%,8
https://360ghar.com/locality/arete-india-our-homes-3-gurgaon,0,7,0%,8.14
https://360ghar.com/locality/nuh-gurgaon,0,7,0%,8.14
https://360ghar.com/blog/the-avante-by-dev-vinayak-a-verified-look-at-premium-living-in-sargasan-gandhinagar,0,7,0%,8.29
https://360ghar.com/locality/projects-in-new-palam-vihar-phase-3-gurgaon-gurgaon,0,7,0%,8.29
https://360ghar.com/truth/nestaway-collapse,0,7,0%,8.43
https://360ghar.com/locality/sagar-homes-gurgaon,0,7,0%,8.57
https://360ghar.com/locality/awho-apartments-gurgaon,0,7,0%,8.71
https://360ghar.com/locality/new-shivalik-society-gurgaon,0,7,0%,8.86
https://360ghar.com/vs/proptiger/,0,7,0%,8.86
https://360ghar.com/locality/forte-point-olive-crescent-gurgaon,0,7,0%,9.29
https://360ghar.com/locality/hextax-commune-gurgaon,0,7,0%,9.29
https://360ghar.com/locality/m2k-symphony-floors-gurgaon,0,7,0%,9.43
https://360ghar.com/locality/plaza-106-gurgaon,0,7,0%,9.43
https://360ghar.com/locality/aipl-rhythm-residences-2-gurgaon,0,7,0%,9.57
https://360ghar.com/locality/vatika-tranquil-heights-gurgaon,0,7,0%,9.71
https://360ghar.com/ai-design-studio,0,7,0%,10
https://360ghar.com/locality/dlf-garden-estate-gurgaon,0,7,0%,10.43
https://360ghar.com/locality/ninaniya-lord-krishna-enclave-gurgaon,0,7,0%,11.43
https://360ghar.com/locality/golf-view-apartment-gurgaon,0,7,0%,12.43
https://360ghar.com/locality/sector-94-gurgaon,0,7,0%,12.86
https://360ghar.com/locality/omaxe-nile-project-gurgaon,0,7,0%,13
https://360ghar.com/policies/terms-of-service,0,7,0%,13.14
https://360ghar.com/locality/dlf-exclusive-floors-gurgaon,0,7,0%,13.29
https://360ghar.com/locality/sector-72-gurgaon,0,7,0%,14.14
https://360ghar.com/locality/emaar-mgf-emerald-floors-premier-gurgaon,0,7,0%,14.71
https://360ghar.com/locality/central-park-ii-bellevue-gurgaon,0,7,0%,15
https://360ghar.com/locality/malibu-town-township-gurgaon,0,7,0%,15.14
https://360ghar.com/vs/magicbricks,0,7,0%,15.14
https://360ghar.com/area-converter,0,7,0%,18.29
https://360ghar.com/locality/greenwood-city-township-gurgaon,0,7,0%,19.29
https://360ghar.com/locality/sector-104-gurgaon,0,7,0%,22.14
https://360ghar.com/locality/projects-in-sector-112-gurgaon,0,7,0%,25.14
https://360ghar.com/locality/projects-in-sector-68-gurgaon,0,7,0%,30.57
https://360ghar.com/gurgaon/rent/flats/amenity/swimming-pool,0,7,0%,30.86
https://360ghar.com/locality/m3m-st-andrews-gurgaon,0,7,0%,49.29
https://360ghar.com/gurgaon/rent/independent-house,0,6,0%,2.33
https://360ghar.com/property/864,0,6,0%,3.33
https://360ghar.com/faridabad/pg/flats,0,6,0%,3.83
https://360ghar.com/blog/budget-2026-cpse-reits-what-this-means-for-real-estate-investors,0,6,0%,4.17
https://360ghar.com/blog/gst-reforms-and-their-impact-on-premium-properties-in-india,0,6,0%,4.17
https://360ghar.com/blog/inside-the-185-crore-pali-hill-sale-transparency-and-value-in-luxury-real-estate,0,6,0%,4.17
https://360ghar.com/blog/gift-citys-updated-liquor-policy-a-strategic-boost-for-global-investment,0,6,0%,4.5
https://360ghar.com/locality/munjal-society-gurgaon,0,6,0%,4.5
https://360ghar.com/locality/orris-villas-33-gurgaon,0,6,0%,4.83
https://360ghar.com/locality/cghs-progressive-apartments-gurgaon,0,6,0%,5
https://360ghar.com/blog/top-property-hotspots-in-vastrapur-ahmedabad-a-2024-25-guide,0,6,0%,5.5
https://360ghar.com/locality/ansal-florence-marvel-gurgaon,0,6,0%,5.83
https://360ghar.com/locality/pivotal-paradise-gurgaon,0,6,0%,5.83
https://360ghar.com/blog/set-up-your-diwali-entrance-according-to-vastu,0,6,0%,6
https://360ghar.com/locality/om-kunj-society-gurgaon,0,6,0%,6.33
https://360ghar.com/locality/bajrang-apartment-gurgaon,0,6,0%,6.5
https://360ghar.com/locality/dlf-pinnacle-gurgaon,0,6,0%,6.5
https://360ghar.com/locality/tata-primanti-phase-ii-gurgaon,0,6,0%,6.5
https://360ghar.com/blog/outdoor-vs-indoor-feng-shui-fountains-a-guide-for-wealth-and-harmony-in-your-home,0,6,0%,6.67
https://360ghar.com/locality/unitech-alder-grove-nirvana-country-ii-gurgaon,0,6,0%,6.83
https://360ghar.com/locality/shree-arihant-apartment-gurgaon,0,6,0%,7
https://360ghar.com/blog/t-point-house-vastu-transforming-challenges-into-a-prosperous-home,0,6,0%,7.5
https://360ghar.com/locality/siddhi-vinayak-apartment-gurgaon,0,6,0%,7.5
https://360ghar.com/locality/dlf-aralias-gurgaon,0,6,0%,7.67
https://360ghar.com/blog/daskroi-ahmedabad-a-strategic-guide-to-modern-real-estate-investment,0,6,0%,8
https://360ghar.com/locality/dagar-studio-gurgaon,0,6,0%,8.17
https://360ghar.com/locality/hope-apartments-gurgaon,0,6,0%,8.17
https://360ghar.com/locality/projects-in-sector-15-gurgaon,0,6,0%,8.17
https://360ghar.com/locality/swarn-jayanti-apartment-gurgaon,0,6,0%,8.17
https://360ghar.com/vs/zolo/,0,6,0%,8.17
https://360ghar.com/locality/arzoo-apartment-gurgaon,0,6,0%,8.33
https://360ghar.com/locality/sector-61-gurgaon,0,6,0%,8.5
https://360ghar.com/locality/ninex-city-gurgaon,0,6,0%,8.67
https://360ghar.com/locality/nkv-vaishnav-residency-gurgaon,0,6,0%,8.67
https://360ghar.com/blog/how-to-use-a-feng-shui-money-bowl-to-attract-wealth-and-prosperity,0,6,0%,8.83
https://360ghar.com/locality/agrim-apartment-gurgaon,0,6,0%,8.83
https://360ghar.com/locality/unitech-espace-nirvana-country-gurgaon,0,6,0%,8.83
https://360ghar.com/truth/zolo-issues,0,6,0%,8.83
https://360ghar.com/blog/experience-verified-living-a-guide-to-3-bhk-flats-at-madhav-aishvaryam-sargasan,0,6,0%,9
https://360ghar.com/locality/dlf-magnolias-gurgaon,0,6,0%,9
https://360ghar.com/locality/shanti-niketan-studio-apartment-gurgaon,0,6,0%,9
https://360ghar.com/locality/ompee-homes-15-gurgaon,0,6,0%,9.17
https://360ghar.com/locality/raheja-atharva-gurgaon,0,6,0%,9.17
https://360ghar.com/locality/tulsiani-easy-in-homes-gurgaon,0,6,0%,9.17
https://360ghar.com/property/368,0,6,0%,9.17
https://360ghar.com/blog/koba-real-estate-a-prime-investment-opportunity-near-gift-city,0,6,0%,9.33
https://360ghar.com/locality/divya-apartment-gurgaon,0,6,0%,9.5
https://360ghar.com/locality/san-marino-apartment-gurgaon,0,6,0%,9.5
https://360ghar.com/locality/tulip-yellow-gurgaon,0,6,0%,9.5
https://360ghar.com/locality/osb-golf-heights-gurgaon,0,6,0%,9.67
https://360ghar.com/locality/orris-3c-greenopolis-gurgaon,0,6,0%,10
https://360ghar.com/locality/raheja-maheshwara-project-gurgaon,0,6,0%,10
https://360ghar.com/locality/shanti-kunj-gurgaon,0,6,0%,10.33
https://360ghar.com/locality/surabhi-apartment-gurgaon,0,6,0%,10.33
https://360ghar.com/locality/unitech-south-park-gurgaon,0,6,0%,10.33
https://360ghar.com/locality/ekta-enclave-gurgaon,0,6,0%,10.5
https://360ghar.com/locality/housing-board-colony-sector-75-gurgaon,0,6,0%,10.67
https://360ghar.com/locality/ifs-apartment-gurgaon,0,6,0%,10.83
https://360ghar.com/locality/budhera-gurgaon,0,6,0%,11.17
https://360ghar.com/blog/10-essential-tips-for-renting-a-home-in-gandhinagar-a-smart-transparent-guide,0,6,0%,11.67
https://360ghar.com/locality/gail-cghs-gurgaon,0,6,0%,12.83
https://360ghar.com/locality/ats-kocoon-gurgaon,0,6,0%,15.5
https://360ghar.com/locality/ambience-creacions-gurgaon,0,6,0%,16.33
https://360ghar.com/locality/sector-102-gurgaon,0,6,0%,30.17
https://360ghar.com/locality/ss-almeria-gurgaon,0,6,0%,30.5
https://360ghar.com/locality/projects-in-sector-80-gurgaon,0,6,0%,31.17
https://360ghar.com/locality/projects-in-sohna-sector-25-gurgaon,0,6,0%,43.17
https://360ghar.com/locality/aura-world-gurgaon,0,6,0%,44
https://360ghar.com/locality/projects-in-sector-37d-gurgaon-gurgaon,0,6,0%,56.83
https://360ghar.com/blog/capital-gains-tax-in-india-a-simplified-guide-to-rates-exemptions-and-savings,0,6,0%,59.5
https://360ghar.com/locality/ansal-executive-residency-gurgaon,0,5,0%,2.2
https://360ghar.com/locality/aryan-homes-gurgaon,0,5,0%,3
https://360ghar.com/locality/unitech-crestview-apartments-gurgaon,0,5,0%,3
https://360ghar.com/locality/projects-in-saini-colony-gurgaon,0,5,0%,3.8
https://360ghar.com/locality/housing-board-colony-sector-36-gurgaon,0,5,0%,4
https://360ghar.com/property/610,0,5,0%,4.6
https://360ghar.com/locality/housing-board-colony-sector-26-gurgaon,0,5,0%,5
https://360ghar.com/locality/housing-board-colony-sector-52-gurgaon,0,5,0%,5.6
https://360ghar.com/locality/landmark-towers-gurgaon,0,5,0%,5.6
https://360ghar.com/locality/sidhartha-estella-gurgaon,0,5,0%,5.6
https://360ghar.com/locality/anil-suri-group-residency-23-gurgaon,0,5,0%,5.8
https://360ghar.com/locality/sector-27-gurgaon,0,5,0%,5.8
https://360ghar.com/locality/parkwood-westend-gurgaon,0,5,0%,6.2
https://360ghar.com/locality/bedarwals-sixty-three-golf-drive-gurgaon,0,5,0%,6.4
https://360ghar.com/locality/godrej-signature-homes-gurgaon,0,5,0%,6.4
https://360ghar.com/locality/oberoi-floor-1-gurgaon,0,5,0%,6.4
https://360ghar.com/blog/gift-city-gandhinagar-inside-indias-first-global-financial-hub,0,5,0%,6.6
https://360ghar.com/locality/vatika-india-next-signature-villas-gurgaon,0,5,0%,6.6
https://360ghar.com/ai-design-studio/,0,5,0%,6.8
https://360ghar.com/locality/rose-apartment-gurgaon,0,5,0%,6.8
https://360ghar.com/blog/motera-real-estate-how-the-worlds-largest-stadium-is-shaping-property-trends,0,5,0%,7
https://360ghar.com/locality/anamika-enclave-gurgaon,0,5,0%,7.2
https://360ghar.com/locality/dlf-trinity-towers-gurgaon,0,5,0%,7.2
https://360ghar.com/locality/krisumi-waterfall-residences-gurgaon,0,5,0%,7.2
https://360ghar.com/blog/vastu-tips-for-an-auspicious-diwali-2025-home-purchase,0,5,0%,7.6
https://360ghar.com/locality/godrej-habitat-project-gurgaon,0,5,0%,7.6
https://360ghar.com/locality/sector-115-gurgaon,0,5,0%,7.6
https://360ghar.com/locality/rwa-sector-72-gurgaon,0,5,0%,7.8
https://360ghar.com/locality/basera-apartment-gurgaon,0,5,0%,8
https://360ghar.com/locality/v-k-homes-1-gurgaon,0,5,0%,8
https://360ghar.com/blog/affordable-housing-in-nana-mava-rajkot-a-modern-buyers-guide,0,5,0%,8.2
https://360ghar.com/truth/nestaway-collapse/,0,5,0%,8.4
https://360ghar.com/locality/sector-24-gurgaon,0,5,0%,8.6
https://360ghar.com/locality/spaze-privy-at4-gurgaon,0,5,0%,8.6
https://360ghar.com/locality/nbcc-heights-gurgaon,0,5,0%,8.8
https://360ghar.com/locality/suncity-avenue-102-gurgaon,0,5,0%,8.8
https://360ghar.com/locality/spaze-privy-avante-gurgaon,0,5,0%,9.2
https://360ghar.com/locality/saksham-welfare-association-gurgaon,0,5,0%,9.4
https://360ghar.com/gurgaon/rent/independent-house/amenity/pet-friendly,0,5,0%,9.6
https://360ghar.com/locality/northern-peripheral-road-npr-gurgaon,0,5,0%,9.6
https://360ghar.com/locality/silverglades-tarudhan-valley-apartments-gurgaon,0,5,0%,9.6
https://360ghar.com/locality/itm-enclave-gurgaon,0,5,0%,9.8
https://360ghar.com/property/1228,0,5,0%,9.8
https://360ghar.com/locality/connoisseur-twin-tower-gurgaon,0,5,0%,10.2
https://360ghar.com/locality/parth-apartment-gurgaon,0,5,0%,10.4
https://360ghar.com/locality/anant-raj-madelia-gurgaon,0,5,0%,10.6
https://360ghar.com/locality/gls-south-avenue-gurgaon,0,5,0%,10.6
https://360ghar.com/locality/sagavi-apartment-gurgaon,0,5,0%,10.6
https://360ghar.com/locality/huda-sector-38-gurgaon,0,5,0%,11.2
https://360ghar.com/locality/sagar-apartment-gurgaon,0,5,0%,11.4
https://360ghar.com/locality/tulip-orange-project-gurgaon,0,5,0%,12.2
https://360ghar.com/locality/projects-in-krishna-colony-gurgaon,0,5,0%,12.4
https://360ghar.com/locality/apna-enclave-gurgaon,0,5,0%,12.8
https://360ghar.com/locality/pyramid-infinity-gurgaon,0,5,0%,13.4
https://360ghar.com/locality/city-group-housing-society-gurgaon,0,5,0%,14
https://360ghar.com/locality/ramprastha-city-atrium-gurgaon,0,5,0%,14
https://360ghar.com/locality/m3m-skywalk-gurgaon,0,5,0%,15.6
https://360ghar.com/blog/revanta-fortune-2-a-verified-look-at-luxury-living-on-gandhinagars-pdpu-road,0,5,0%,16
https://360ghar.com/locality/sector-18-gurgaon,0,5,0%,17
https://360ghar.com/blog/?page=3,0,5,0%,17.8
https://360ghar.com/locality/raheja-vedaanta-gurgaon,0,5,0%,18
https://360ghar.com/noida/buy/independent-house,0,5,0%,18.8
https://360ghar.com/locality/godrej-summit-phase-iv-gurgaon,0,5,0%,19
https://360ghar.com/locality/sector-70-gurgaon,0,5,0%,20.8
https://360ghar.com/locality/malibu-town-gurgaon,0,5,0%,22.2
https://360ghar.com/locality/orchid-petals-gurgaon,0,5,0%,22.8
https://360ghar.com/locality/sector-85-gurgaon,0,5,0%,24.8
https://360ghar.com/locality/sector-79-gurgaon,0,5,0%,26
https://360ghar.com/locality/sector-48-gurgaon,0,5,0%,27.6
https://360ghar.com/locality/projects-in-sector-48-gurgaon,0,5,0%,35.4
https://360ghar.com/blog/the-role-of-credit-score-in-securing-your-dream-home-loan,0,5,0%,36.6
https://360ghar.com/locality/greenwood-city-gurgaon,0,5,0%,36.8
https://360ghar.com/locality/dlf-phase-3-gurgaon,0,5,0%,41.6
https://360ghar.com/locality/projects-in-sector-38-gurgaon-gurgaon,0,5,0%,44.4
https://360ghar.com/locality/projects-in-sector-45-gurgaon-gurgaon,0,5,0%,56.8
https://360ghar.com/locality/projects-in-sector-72-gurgaon,0,5,0%,60.6
https://360ghar.com/locality/37c-gurgaon,0,5,0%,65
https://360ghar.com/locality/universal-aura-gurgaon,0,4,0%,1
https://360ghar.com/locality/grand-homes-sector-68-gurgaon,0,4,0%,2.25
https://360ghar.com/gurgaon/rent/flats,0,4,0%,2.75
https://360ghar.com/locality/ramprastha-city-skyz-gurgaon,0,4,0%,3.75
https://360ghar.com/blog/fractional-property-ownership-a-smart-guide-for-small-investors-in-2025,0,4,0%,4
https://360ghar.com/locality/universal-radius-gurgaon,0,4,0%,4.5
https://360ghar.com/blog/gift-city-2030-why-the-housing-shortage-creates-a-prime-investment-opportunity,0,4,0%,4.75
https://360ghar.com/faq,0,4,0%,5
https://360ghar.com/locality/32-lemon-street-gurgaon,0,4,0%,5
https://360ghar.com/locality/projects-in-sector-61-gurgaon,0,4,0%,5
https://360ghar.com/locality/pivotal-devaan-gurgaon,0,4,0%,5.25
https://360ghar.com/locality/a3s-homes-1-gurgaon,0,4,0%,5.5
https://360ghar.com/locality/sas-arcadia-gurgaon,0,4,0%,5.5
https://360ghar.com/locality/tulip-purple-gurgaon,0,4,0%,5.5
https://360ghar.com/locality/unitech-deerwood-chase-gurgaon,0,4,0%,5.75
https://360ghar.com/locality/eros-rosewood-city-gurgaon,0,4,0%,6
https://360ghar.com/locality/rk-yadav-tower-gurgaon,0,4,0%,6
https://360ghar.com/locality/vatika-sovereign-apartments-gurgaon,0,4,0%,6
https://360ghar.com/locality/dlf-camellia-gurgaon,0,4,0%,6.25
https://360ghar.com/locality/abhinandan-cghs-gurgaon,0,4,0%,6.5
https://360ghar.com/locality/edge-towers-gurgaon,0,4,0%,6.5
https://360ghar.com/locality/abw-la-lagune-gurgaon,0,4,0%,6.75
https://360ghar.com/locality/crystal-woods-sector-65-gurgaon,0,4,0%,6.75
https://360ghar.com/locality/pioneer-park-project-gurgaon,0,4,0%,6.75
https://360ghar.com/locality/sector-52-gurgaon,0,4,0%,6.75
https://360ghar.com/blog/buy-your-dream-home-in-vesu-surat-a-complete-guide,0,4,0%,7
https://360ghar.com/locality/karam-hi-dharam-apartment-gurgaon,0,4,0%,7
https://360ghar.com/locality/uphaar-homes-10-gurgaon,0,4,0%,7
https://360ghar.com/blog/inside-johnny-depps-real-estate-portfolio-a-lesson-in-architectural-individuality,0,4,0%,7.25
https://360ghar.com/locality/dlf-crest-gurgaon,0,4,0%,7.25
https://360ghar.com/locality/dlf-hibiscus-lane-gurgaon,0,4,0%,7.25
https://360ghar.com/locality/slerwa-apartments-gurgaon,0,4,0%,7.25
https://360ghar.com/locality/stanford-amaara-residences-gurgaon,0,4,0%,7.25
https://360ghar.com/blog/vastu-myths-busted-a-modern-science-backed-guide-for-homebuyers,0,4,0%,7.5
https://360ghar.com/locality/block-c-sector-43-gurgaon,0,4,0%,7.5
https://360ghar.com/locality/huda-sector-42-gurgaon,0,4,0%,7.5
https://360ghar.com/locality/tata-raisina-residency-gurgaon,0,4,0%,7.5
https://360ghar.com/blog/how-atladaras-evolving-infrastructure-is-driving-value-for-2bhk-buyers-in-vadodara,0,4,0%,7.75
https://360ghar.com/locality/brahma-city-gurgaon,0,4,0%,7.75
https://360ghar.com/locality/eros-grand-mansions-gurgaon,0,4,0%,7.75
https://360ghar.com/locality/gpl-eden-heights-gurgaon,0,4,0%,8
https://360ghar.com/locality/rof-atulyas-gurgaon,0,4,0%,8
https://360ghar.com/locality/shri-ganesh-apartment-gurgaon,0,4,0%,8
https://360ghar.com/locality/unitech-karma-lakelands-gurgaon,0,4,0%,8
https://360ghar.com/locality/unitech-uniworld-city-gurgaon,0,4,0%,8
https://360ghar.com/locality/block-c-sector-45-gurgaon,0,4,0%,8.25
https://360ghar.com/locality/satya-legend-gurgaon,0,4,0%,8.25
https://360ghar.com/vs/nestaway,0,4,0%,8.25
https://360ghar.com/locality/princeton-floors-gurgaon,0,4,0%,8.5
https://360ghar.com/locality/sector-35-gurgaon,0,4,0%,8.5
https://360ghar.com/blog/sustainability-in-gurgaons-luxury-homes-what-buyers-want-now,0,4,0%,8.75
https://360ghar.com/locality/block-b-sector-46-gurgaon,0,4,0%,8.75
https://360ghar.com/locality/power-grid-township-gurgaon,0,4,0%,8.75
https://360ghar.com/locality/vipul-belmonte-gurgaon,0,4,0%,8.75
https://360ghar.com/locality/hector-trimurti-heights-gurgaon,0,4,0%,9
https://360ghar.com/locality/rwa-sector-71-gurgaon,0,4,0%,9
https://360ghar.com/locality/signature-global-city-81-project-gurgaon,0,4,0%,9
https://360ghar.com/locality/dundahera-gurgaon,0,4,0%,9.25
https://360ghar.com/locality/projects-in-saraswati-vihar-gurgaon,0,4,0%,9.25
https://360ghar.com/locality/pyramid-altia-gurgaon,0,4,0%,9.25
https://360ghar.com/regulatory-updates/,0,4,0%,9.25
https://360ghar.com/locality/bptp-monet-avant-floors-gurgaon,0,4,0%,9.5
https://360ghar.com/locality/meditech-apartment-gurgaon,0,4,0%,9.5
https://360ghar.com/property/638,0,4,0%,9.5
https://360ghar.com/locality/anand-apartment-gurgaon,0,4,0%,9.75
https://360ghar.com/locality/cameron-courts-gurgaon,0,4,0%,9.75
https://360ghar.com/locality/dlf-westend-heights-gurgaon,0,4,0%,9.75
https://360ghar.com/locality/jeevan-tara-apartment-gurgaon,0,4,0%,9.75
https://360ghar.com/zone-checker,0,4,0%,9.75
https://360ghar.com/locality/bptp-freedom-park-life-gurgaon,0,4,0%,10
https://360ghar.com/locality/dlf-park-place-park-heights-gurgaon,0,4,0%,10
https://360ghar.com/locality/imt-view-apartments-gurgaon,0,4,0%,10
https://360ghar.com/locality/sector-41-gurgaon,0,4,0%,10
https://360ghar.com/locality/signature-global-serenas-gurgaon,0,4,0%,10
https://360ghar.com/locality/ansal-esencia-gurgaon,0,4,0%,10.25
https://360ghar.com/locality/dlf-park-place-park-towers-gurgaon,0,4,0%,10.25
https://360ghar.com/locality/m2k-white-house-gurgaon,0,4,0%,10.25
https://360ghar.com/locality/nbcc-green-view-gurgaon,0,4,0%,10.25
https://360ghar.com/locality/raheja-vanya-gurgaon,0,4,0%,10.25
https://360ghar.com/locality/indiabulls-centrum-park-gurgaon,0,4,0%,10.5
https://360ghar.com/locality/sector-103-gurgaon,0,4,0%,10.5
https://360ghar.com/locality/m3m-cosmopolitan-suites-gurgaon,0,4,0%,10.75
https://360ghar.com/locality/raheja-sampada-gurgaon,0,4,0%,10.75
https://360ghar.com/locality/sector-16-extension-gurgaon,0,4,0%,10.75
https://360ghar.com/locality/huda-sector-61-gurgaon,0,4,0%,11
https://360ghar.com/locality/sector-96-gurgaon,0,4,0%,11
https://360ghar.com/locality/tashee-capital-gateway-gurgaon,0,4,0%,11
https://360ghar.com/locality/today-callidora-gurgaon,0,4,0%,11
https://360ghar.com/locality/ireo-city-plots-gurgaon,0,4,0%,11.5
https://360ghar.com/locality/mittal-cosmos-executive-apartment-gurgaon,0,4,0%,11.75
https://360ghar.com/locality/sector-98-gurgaon,0,4,0%,11.75
https://360ghar.com/locality/homestead-michael-schumacher-world-tower-gurgaon,0,4,0%,12
https://360ghar.com/locality/tulip-garden-gurgaon,0,4,0%,12
https://360ghar.com/locality/sidhartha-ncr-greens-gurgaon,0,4,0%,12.25
https://360ghar.com/locality/spire-edge-gurgaon,0,4,0%,12.25
https://360ghar.com/locality/pal-city-park-neillia-floors-gurgaon,0,4,0%,12.5
https://360ghar.com/gurgaon/buy/plots,0,4,0%,12.75
https://360ghar.com/locality/83-avenue-oodles-sky-walk-gurgaon,0,4,0%,12.75
https://360ghar.com/locality/projects-in-laxman-vihar-gurgaon,0,4,0%,12.75
https://360ghar.com/locality/awho-sujjan-vihar-gurgaon,0,4,0%,13
https://360ghar.com/locality/dlf-crest-phase-ii-gurgaon,0,4,0%,13.25
https://360ghar.com/zone-checker/,0,4,0%,13.25
https://360ghar.com/locality/sector-88a-gurgaon,0,4,0%,14.75
https://360ghar.com/locality/ss-lilac-gurgaon,0,4,0%,14.75
https://360ghar.com/locality/godrej-103-gurgaon,0,4,0%,17
https://360ghar.com/locality/sanjay-gram-gurgaon,0,4,0%,17
https://360ghar.com/locality/elan-mercado-service-apartment-gurgaon,0,4,0%,17.5
https://360ghar.com/locality/conscient-heritage-one-project-gurgaon,0,4,0%,19
https://360ghar.com/locality/sector-112-gurgaon,0,4,0%,19
https://360ghar.com/locality/projects-in-sector-70-gurgaon,0,4,0%,19.5
https://360ghar.com/locality/m3m-heights-project-gurgaon,0,4,0%,20
https://360ghar.com/locality/unitech-vista-villas-gurgaon,0,4,0%,20.75
https://360ghar.com/locality/bestech-park-view-city-i-gurgaon,0,4,0%,21.5
https://360ghar.com/locality/central-park-belgravia-resort-residency-gurgaon,0,4,0%,21.75
https://360ghar.com/locality/projects-in-nirvana-country-2-gurgaon,0,4,0%,22.25
https://360ghar.com/blog/vastu-for-kitchen-directions-colours-and-tips-for-a-harmonious-home,0,4,0%,26.5
https://360ghar.com/locality/mahindra-aura-gurgaon,0,4,0%,27.25
https://360ghar.com/locality/om-tower-2-gurgaon,0,4,0%,33
https://360ghar.com/locality/sector-113-gurgaon,0,4,0%,33
https://360ghar.com/locality/sector-114-gurgaon,0,4,0%,36.5
https://360ghar.com/locality/projects-in-sector-79-gurgaon,0,4,0%,37
https://360ghar.com/locality/bptp-park-prime-gurgaon,0,4,0%,37.5
https://360ghar.com/locality/emaar-palm-spring-villas-gurgaon,0,4,0%,39.75
https://360ghar.com/locality/sector-93-gurgaon,0,4,0%,46
https://360ghar.com/locality/projects-in-dlf-phase-ii-gurgaon-gurgaon,0,4,0%,67.5
https://360ghar.com/locality/sector-85-extension-gurgaon,0,3,0%,1.67
https://360ghar.com/locality/shubh-home-1-gurgaon,0,3,0%,2.33
https://360ghar.com/blog/ayushmann-khurranas-real-estate-portfolio-a-case-study-in-strategic-property-investment,0,3,0%,3
https://360ghar.com/blog/mumbai-real-estate-in-2025-a-market-update-on-sales-leasing-and-infrastructure-growth,0,3,0%,3
https://360ghar.com/locality/platinum-plaza-sector-89-gurgaon,0,3,0%,3
https://360ghar.com/ai-agent,0,3,0%,3.67
https://360ghar.com/blog/inside-drakes-toronto-estate-the-embassy-a-benchmark-in-ultra-luxury-real-estate,0,3,0%,3.67
https://360ghar.com/locality/housing-board-colony-sector-16-gurgaon,0,3,0%,3.67
https://360ghar.com/locality/projects-in-manesar-sector-1b-gurgaon-gurgaon,0,3,0%,3.67
https://360ghar.com/blog/gift-city-real-estate-navigating-the-demand-supply-gap-for-maximum-benefit,0,3,0%,4
https://360ghar.com/blog/how-reits-are-reshaping-indias-real-estate-landscape-a-modern-perspective,0,3,0%,4
https://360ghar.com/locality/ats-triumph-project-gurgaon,0,3,0%,4
https://360ghar.com/locality/hari-om-kunj-sohna-phase-2-gurgaon,0,3,0%,4
https://360ghar.com/locality/housing-board-colony-sector-33-gurgaon,0,3,0%,4
https://360ghar.com/blog/navratri-2024-expert-decoration-ideas-to-transform-your-home,0,3,0%,4.33
https://360ghar.com/locality/4s-aradhya-homes-gurgaon,0,3,0%,4.33
https://360ghar.com/locality/citizen-apartments-gurgaon,0,3,0%,4.33
https://360ghar.com/locality/housing-board-colony-sector-49-gurgaon,0,3,0%,4.33
https://360ghar.com/locality/rwa-sector-57-gurgaon,0,3,0%,4.67
https://360ghar.com/locality/ansal-pioneer-city-gurgaon,0,3,0%,5
https://360ghar.com/locality/salasar-estate-7-gurgaon,0,3,0%,5
https://360ghar.com/gurugram/buy/flats,0,3,0%,5.33
https://360ghar.com/locality/housing-board-colony-sector-15-gurgaon,0,3,0%,5.33
https://360ghar.com/locality/kmp-express-garden-gurgaon,0,3,0%,5.33
https://360ghar.com/locality/m3m-84-market-gurgaon,0,3,0%,5.33
https://360ghar.com/locality/mapsko-paradise-gurgaon,0,3,0%,5.33
https://360ghar.com/locality/trehan-iris-broadway-gurgaon,0,3,0%,5.33
https://360ghar.com/property/423,0,3,0%,5.33
https://360ghar.com/vs/stanza-living,0,3,0%,5.33
https://360ghar.com/blog/ernakulambengaluru-vande-bharat-express-a-new-era-for-connectivity-and-real-estate-growth,0,3,0%,5.67
https://360ghar.com/locality/housing-board-colony-sector-48-gurgaon,0,3,0%,5.67
https://360ghar.com/locality/emaar-mgf-emerald-hills-project-gurgaon,0,3,0%,6
https://360ghar.com/locality/maxworth-premier-urban-gurgaon,0,3,0%,6
https://360ghar.com/locality/sector-14-rwa-gurgaon,0,3,0%,6
https://360ghar.com/locality/sunischit-apartment-gurgaon,0,3,0%,6
https://360ghar.com/locality/a3s-homes-2-gurgaon,0,3,0%,6.33
https://360ghar.com/locality/ansal-golden-heights-gurgaon,0,3,0%,6.33
https://360ghar.com/locality/central-park-flower-valley-mikasa-plots-gurgaon,0,3,0%,6.33
https://360ghar.com/locality/conscient-heritage-max-gurgaon,0,3,0%,6.33
https://360ghar.com/locality/cyber-hub-gurgaon,0,3,0%,6.33
https://360ghar.com/locality/huda-sector-22-gurgaon,0,3,0%,6.33
https://360ghar.com/locality/kohli-one-malibu-town-gurgaon,0,3,0%,6.33
https://360ghar.com/locality/mahalaxmi-apartment-gurgaon,0,3,0%,6.33
https://360ghar.com/locality/projects-in-sector-9a-gurgaon,0,3,0%,6.33
https://360ghar.com/locality/signature-global-park-4-and-5-gurgaon,0,3,0%,6.33
https://360ghar.com/locality/sobha-city-township-gurgaon,0,3,0%,6.33
https://360ghar.com/locality/supertech-hill-crest-floors-gurgaon,0,3,0%,6.33
https://360ghar.com/locality/today-blossoms-i-gurgaon,0,3,0%,6.33
https://360ghar.com/locality/vatika-bellevue-residences-gurgaon,0,3,0%,6.33
https://360ghar.com/vs/proptiger,0,3,0%,6.33
https://360ghar.com/locality/bptp-park-generation-gurgaon,0,3,0%,6.67
https://360ghar.com/locality/emaar-marbella-gurgaon,0,3,0%,6.67
https://360ghar.com/locality/emerald-apartments-sector-56-gurgaon,0,3,0%,6.67
https://360ghar.com/locality/housing-board-colony-sector-39-gurgaon,0,3,0%,6.67
https://360ghar.com/locality/projects-in-sector-12a-gurgaon,0,3,0%,6.67
https://360ghar.com/locality/sagar-homes-4-gurgaon,0,3,0%,6.67
https://360ghar.com/locality/satya-hermitage-phase-2-gurgaon,0,3,0%,6.67
https://360ghar.com/locality/unitech-ivory-tower-gurgaon,0,3,0%,6.67
https://360ghar.com/blog/swaminarayan-akshardham-gandhinagar-a-landmark-driving-real-estate-value,0,3,0%,7
https://360ghar.com/blog/udhna-surat-an-emerging-residential-gem-worth-watching,0,3,0%,7
https://360ghar.com/locality/pareena-elite-residences-gurgaon,0,3,0%,7
https://360ghar.com/locality/rzone-land-plot-gurgaon,0,3,0%,7
https://360ghar.com/locality/apex-apartments-gurgaon,0,3,0%,7.33
https://360ghar.com/locality/chd-avenue-71-gurgaon,0,3,0%,7.33
https://360ghar.com/locality/huda-cghs-gurgaon,0,3,0%,7.33
https://360ghar.com/locality/huda-sector-24-gurgaon,0,3,0%,7.33
https://360ghar.com/locality/palam-vihar-i-block-gurgaon,0,3,0%,7.33
https://360ghar.com/locality/satya-levante-residences-gurgaon,0,3,0%,7.33
https://360ghar.com/locality/shapoorji-pallonji-joyville-project-gurgaon,0,3,0%,7.33
https://360ghar.com/locality/signature-global-aspire-gurgaon,0,3,0%,7.33
https://360ghar.com/locality/today-canary-greens-gurgaon,0,3,0%,7.33
https://360ghar.com/locality/uphaar-khushi-homes-gurgaon,0,3,0%,7.33
https://360ghar.com/locality/dlf-skycourt-gurgaon,0,3,0%,7.67
https://360ghar.com/locality/ramprastha-primera-gurgaon,0,3,0%,7.67
https://360ghar.com/locality/unitech-south-city-ii-gurgaon,0,3,0%,7.67
https://360ghar.com/locality/ashiana-classic-personal-floors-gurgaon,0,3,0%,8
https://360ghar.com/locality/bptp-amstoria-gurgaon,0,3,0%,8
https://360ghar.com/locality/emaar-mgf-colonnade-gurgaon,0,3,0%,8
https://360ghar.com/locality/sharma-homes-4-gurgaon,0,3,0%,8
https://360ghar.com/locality/silverglades-ivy-gurgaon,0,3,0%,8
https://360ghar.com/locality/supertech-basera-gurgaon,0,3,0%,8
https://360ghar.com/locality/block-c-sector-52-gurgaon,0,3,0%,8.33
https://360ghar.com/locality/dlf-downtown-gurgaon,0,3,0%,8.33
https://360ghar.com/locality/joy-kunj-apartment-gurgaon,0,3,0%,8.33
https://360ghar.com/locality/m3m-sky-lofts-gurgaon,0,3,0%,8.33
https://360ghar.com/locality/r-k-tower-gurgaon,0,3,0%,8.33
https://360ghar.com/locality/silverglades-tarudhan-valley-golf-resort-gurgaon,0,3,0%,8.33
https://360ghar.com/locality/ss-omnia-gurgaon,0,3,0%,8.33
https://360ghar.com/blog/finding-your-dream-home-in-jahangirpura-surat-a-comprehensive-guide,0,3,0%,8.67
https://360ghar.com/locality/aviation-heights-gurgaon,0,3,0%,8.67
https://360ghar.com/locality/emaar-mgf-palm-hills-gurgaon,0,3,0%,8.67
https://360ghar.com/locality/gurgaon-cghs-gurgaon,0,3,0%,8.67
https://360ghar.com/locality/housing-board-colony-sector-99-gurgaon,0,3,0%,8.67
https://360ghar.com/locality/kanhai-gurgaon,0,3,0%,8.67
https://360ghar.com/locality/m3m-marina-gurgaon,0,3,0%,8.67
https://360ghar.com/locality/orchid-greens-gurgaon,0,3,0%,8.67
https://360ghar.com/locality/projects-in-rampura-gurgaon,0,3,0%,8.67
https://360ghar.com/locality/samanvay-apartment-gurgaon,0,3,0%,8.67
https://360ghar.com/locality/abhinav-apartment-gurgaon,0,3,0%,9
https://360ghar.com/locality/emerald-enclave-gurgaon,0,3,0%,9
https://360ghar.com/locality/huda-sector-34-gurgaon,0,3,0%,9
https://360ghar.com/locality/huda-sector-49-gurgaon,0,3,0%,9
https://360ghar.com/locality/projects-in-sector-81a-gurgaon-gurgaon,0,3,0%,9
https://360ghar.com/locality/signature-global-city-37d-project-gurgaon,0,3,0%,9
https://360ghar.com/blog/why-ai-is-the-ultimate-design-partner-for-modern-interior-architecture,0,3,0%,9.33
https://360ghar.com/locality/dlf-beverly-park-project-gurgaon,0,3,0%,9.33
https://360ghar.com/locality/gls-avenue-81-gurgaon,0,3,0%,9.33
https://360ghar.com/locality/godrej-101-project-gurgaon,0,3,0%,9.33
https://360ghar.com/locality/gracious-tower-gurgaon,0,3,0%,9.33
https://360ghar.com/locality/projects-in-farukh-nagar-sector-1-gurgaon,0,3,0%,9.33
https://360ghar.com/locality/sector-62-gurgaon,0,3,0%,9.33
https://360ghar.com/locality/today-blossoms-ii-gurgaon,0,3,0%,9.33
https://360ghar.com/locality/block-a-sector-47-gurgaon,0,3,0%,9.67
https://360ghar.com/locality/burman-gsc-spectrum-centre-gurgaon,0,3,0%,9.67
https://360ghar.com/locality/laxman-vihar-gurgaon,0,3,0%,9.67
https://360ghar.com/locality/projects-in-farukh-nagar-sector-3-gurgaon,0,3,0%,9.67
https://360ghar.com/locality/raheja-revanta-tapas-floors-gurgaon,0,3,0%,9.67
https://360ghar.com/locality/rail-vihar-apartment-gurgaon,0,3,0%,9.67
https://360ghar.com/locality/sapphire-heights-sector-82-gurgaon,0,3,0%,9.67
https://360ghar.com/locality/southern-peripheral-road-spr-gurgaon,0,3,0%,9.67
https://360ghar.com/locality/surya-apartment-gurgaon,0,3,0%,9.67
https://360ghar.com/locality/sushant-lok-1-gurgaon,0,3,0%,9.67
https://360ghar.com/blog/12-smart-budget-friendly-ideas-to-refresh-your-kitchen-dcor,0,3,0%,10
https://360ghar.com/blog/find-your-perfect-home-in-vatva-ahmedabad-a-modern-buyers-guide,0,3,0%,10
https://360ghar.com/locality/ats-tourmaline-project-gurgaon,0,3,0%,10
https://360ghar.com/locality/hewo-apartments-gurgaon,0,3,0%,10
https://360ghar.com/locality/nathupur-gurgaon,0,3,0%,10
https://360ghar.com/locality/pratham-meghdoot-apartment-gurgaon,0,3,0%,10
https://360ghar.com/locality/sector-37c-gurgaon,0,3,0%,10
https://360ghar.com/locality/shivalik-apartments-gurgaon,0,3,0%,10
https://360ghar.com/locality/unitech-woodstock-floors-gurgaon,0,3,0%,10
https://360ghar.com/locality/dlf-windsor-court-gurgaon,0,3,0%,10.33
https://360ghar.com/locality/emerald-green-gurgaon,0,3,0%,10.33
https://360ghar.com/locality/housing-board-colony-sector-27-gurgaon,0,3,0%,10.33
https://360ghar.com/locality/huda-sector-100-gurgaon,0,3,0%,10.33
https://360ghar.com/locality/vikas-sadan-apartment-gurgaon,0,3,0%,10.33
https://360ghar.com/locality/hermitage-apartment-gurgaon,0,3,0%,10.67
https://360ghar.com/locality/jamalpur-gurgaon,0,3,0%,10.67
https://360ghar.com/locality/mrg-balcony-gurgaon,0,3,0%,10.67
https://360ghar.com/locality/paras-dews-project-gurgaon,0,3,0%,10.67
https://360ghar.com/locality/ardee-platinum-greens-gurgaon,0,3,0%,11
https://360ghar.com/locality/sector-96-extension-gurgaon,0,3,0%,11
https://360ghar.com/locality/projects-in-dayanand-colony-gurgaon-gurgaon,0,3,0%,11.33
https://360ghar.com/locality/qutab-heights-gurgaon,0,3,0%,11.33
https://360ghar.com/locality/salcon-verandas-gurgaon,0,3,0%,11.33
https://360ghar.com/locality/uphaar-homes-14-gurgaon,0,3,0%,11.33
https://360ghar.com/locality/avalon-heights-gurgaon,0,3,0%,11.67
https://360ghar.com/locality/dlf-garden-city-plots-gurgaon,0,3,0%,12
https://360ghar.com/locality/emaar-mgf-enclave-project-gurgaon,0,3,0%,12
https://360ghar.com/locality/sector-38-gurgaon,0,3,0%,12
https://360ghar.com/locality/signature-global-superbia-project-gurgaon,0,3,0%,12
https://360ghar.com/locality/technocrat-cgh-society-gurgaon,0,3,0%,12
https://360ghar.com/locality/dlf-new-town-heights-i-gurgaon,0,3,0%,12.67
https://360ghar.com/locality/suvidha-apartment-gurgaon,0,3,0%,12.67
https://360ghar.com/locality/sector-87-gurgaon,0,3,0%,13
https://360ghar.com/locality/umang-monsoon-breeze-gurgaon,0,3,0%,13.33
https://360ghar.com/locality/vatika-xpressions-gurgaon,0,3,0%,13.33
https://360ghar.com/locality/m2k-aura-gurgaon,0,3,0%,14
https://360ghar.com/locality/silverglades-laburnum-gurgaon,0,3,0%,14
https://360ghar.com/locality/silverglades-merchant-plaza-gurgaon,0,3,0%,14
https://360ghar.com/for-ai,0,3,0%,14.33
https://360ghar.com/locality/adani-samsara-ivana-gurgaon,0,3,0%,14.67
https://360ghar.com/locality/jacobpura-gurgaon,0,3,0%,15.33
https://360ghar.com/locality/opulence-villas-gurgaon,0,3,0%,15.33
https://360ghar.com/locality/ansal-heights-86-gurgaon,0,3,0%,15.67
https://360ghar.com/locality/dlf-regent-house-gurgaon,0,3,0%,15.67
https://360ghar.com/locality/unitech-villas-gurgaon,0,3,0%,16.33
https://360ghar.com/locality/golf-course-road-gurgaon,0,3,0%,17.67
https://360ghar.com/locality/orris-aster-court-premier-gurgaon,0,3,0%,18.67
https://360ghar.com/locality/rwa-sector-66-gurgaon,0,3,0%,19
https://360ghar.com/locality/tata-housing-gurgaon-gateway-gurgaon,0,3,0%,20.33
https://360ghar.com/locality/dlf-phase-4-gurgaon,0,3,0%,23.33
https://360ghar.com/locality/sector-95-gurgaon,0,3,0%,27
https://360ghar.com/locality/spaze-kalistaa-project-gurgaon,0,3,0%,28
https://360ghar.com/locality/indiabulls-gulmohar-avenue-gurgaon,0,3,0%,32.67
https://360ghar.com/locality/sector-23-gurgaon,0,3,0%,33
https://360ghar.com/locality/projects-in-sector-102-gurgaon,0,3,0%,39.67
https://360ghar.com/locality/88a-gurgaon,0,3,0%,42.67
https://360ghar.com/locality/projects-in-sohna-sector-14-gurgaon,0,3,0%,49.67
https://360ghar.com/blog/smart-steps-to-buying-your-second-home-a-complete-guide,0,3,0%,59.33
https://360ghar.com/locality/m3m-city-of-dreams-gurgaon,0,3,0%,81.67
https://360ghar.com/localities,0,2,0%,1
https://360ghar.com/locality/era-skyville-crest-gurgaon,0,2,0%,1
https://360ghar.com/locality/projects-in-golf-course-extension-gurgaon-gurgaon,0,2,0%,1
https://360ghar.com/locality/todays-opulence-villas-gurgaon,0,2,0%,1
https://360ghar.com/locality/unitech-vistas-phase-ii-gurgaon,0,2,0%,1
https://360ghar.com/properties,0,2,0%,1
https://360ghar.com/blog/strategic-guide-to-buying-property-outside-india,0,2,0%,2
https://360ghar.com/locality/metro-apartments-gurgaon,0,2,0%,2
https://360ghar.com/blog/gift-city-riverfront-development-a-verified-investment-guide-for-modern-buyers,0,2,0%,2.5
https://360ghar.com/locality/projects-in-sector-95b-gurgaon,0,2,0%,2.5
https://360ghar.com/locality/unitech-espace-premiere-villas-gurgaon,0,2,0%,2.5
https://360ghar.com/blog/tilak-varmas-hyderabad-residence-a-case-study-in-smart-real-estate-investment,0,2,0%,3
https://360ghar.com/blog/top-property-tech-trends-revolutionizing-real-estate-in-2025,0,2,0%,3
https://360ghar.com/locality/golden-estate-sector-79-gurgaon,0,2,0%,3
https://360ghar.com/locality/eros-rosewood-villas-gurgaon,0,2,0%,3.5
https://360ghar.com/property/1251,0,2,0%,3.5
https://360ghar.com/blog/inside-tusshar-kapoors-juhu-residences-a-real-estate-analysis-of-value-and-lifestyle,0,2,0%,4
https://360ghar.com/gurgaon/rent/office-space,0,2,0%,4
https://360ghar.com/locality/adani-samsara-gurgaon,0,2,0%,4
https://360ghar.com/locality/ardee-platinum-independent-floors-gurgaon,0,2,0%,4
https://360ghar.com/locality/hari-om-kunj-sohna-phase-4-gurgaon,0,2,0%,4
https://360ghar.com/locality/ocean-seven-expressway-towers-gurgaon,0,2,0%,4
https://360ghar.com/locality/projects-in-sector-102-gurgaon-gurgaon,0,2,0%,4
https://360ghar.com/locality/raheja-shilas-independent-floors-gurgaon,0,2,0%,4
https://360ghar.com/locality/skm-flats-i-gurgaon,0,2,0%,4
https://360ghar.com/locality/sobha-international-city-project-gurgaon,0,2,0%,4
https://360ghar.com/locality/sobha-international-city-row-house-gurgaon,0,2,0%,4
https://360ghar.com/blog/pmay-g-milestone-292-crore-rural-homes-completed-a-look-at-the-progress,0,2,0%,4.5
https://360ghar.com/locality/conscient-heritage-one-gurgaon,0,2,0%,4.5
https://360ghar.com/locality/dayanand-colony-gurgaon,0,2,0%,4.5
https://360ghar.com/locality/khandelwal-dia-homes-1-gurgaon,0,2,0%,4.5
https://360ghar.com/locality/krrish-monde-de-provence-gurgaon,0,2,0%,4.5
https://360ghar.com/locality/m3m-skycity-gurgaon,0,2,0%,4.5
https://360ghar.com/locality/ompee-drona-floors-gurgaon,0,2,0%,4.5
https://360ghar.com/locality/sector-29-gurgaon,0,2,0%,4.5
https://360ghar.com/locality/sunehra-apartment-gurgaon,0,2,0%,4.5
https://360ghar.com/property/1256,0,2,0%,4.5
https://360ghar.com/blog/kashmere-gate-metro-station-a-comprehensive-guide-to-connectivity-and-real-estate,0,2,0%,5
https://360ghar.com/blog/new-vs-resale-apartments-in-vadodara-a-smart-buyers-guide-for-2025,0,2,0%,5
https://360ghar.com/locality/arihant-cghs-gurgaon,0,2,0%,5
https://360ghar.com/locality/ayachi-apartments-gurgaon,0,2,0%,5
https://360ghar.com/locality/breez-global-hill-view-gurgaon,0,2,0%,5
https://360ghar.com/locality/gpl-new-luxurious-tower-gurgaon,0,2,0%,5
https://360ghar.com/locality/huda-sector-82-gurgaon,0,2,0%,5
https://360ghar.com/locality/opal-breeze-sector-74-gurgaon,0,2,0%,5
https://360ghar.com/locality/orchid-gurgaon,0,2,0%,5
https://360ghar.com/locality/sector-21-rwa-gurgaon,0,2,0%,5
https://360ghar.com/locality/vidya-enclave-gurgaon,0,2,0%,5
https://360ghar.com/locality/vikas-abode-home-gurgaon,0,2,0%,5
https://360ghar.com/gurgaon/rent/villa,0,2,0%,5.5
https://360ghar.com/locality/block-b-sector-63-gurgaon,0,2,0%,5.5
https://360ghar.com/locality/godrej-oasis-gurgaon,0,2,0%,5.5
https://360ghar.com/locality/green-estate-sector-88-gurgaon,0,2,0%,5.5
https://360ghar.com/locality/m3m-latitude-project-gurgaon,0,2,0%,5.5
https://360ghar.com/locality/orris-carnation-residency-gurgaon,0,2,0%,5.5
https://360ghar.com/locality/vatika-express-city-gurgaon,0,2,0%,5.5
https://360ghar.com/vs/nobroker,0,2,0%,5.5
https://360ghar.com/blog/ahmedabad-vs-surat-vs-rajkot-a-2025-comparative-real-estate-study,0,2,0%,6
https://360ghar.com/blog/e-milkat-online-property-cards-simplifying-property-management-in-gujarat,0,2,0%,6
https://360ghar.com/blog/is-revanta-fortune-3-gandhinagars-smartest-real-estate-move,0,2,0%,6
https://360ghar.com/locality/bestech-park-view-spa-next-gurgaon,0,2,0%,6
https://360ghar.com/locality/emaar-mgf-palm-terraces-select-gurgaon,0,2,0%,6
https://360ghar.com/locality/era-cosmo-city-phase-3-gurgaon,0,2,0%,6
https://360ghar.com/locality/housing-board-colony-sector-17-gurgaon,0,2,0%,6
https://360ghar.com/locality/projects-in-sector-86-gurgaon-gurgaon,0,2,0%,6
https://360ghar.com/locality/ramprastha-city-rise-gurgaon,0,2,0%,6
https://360ghar.com/locality/shivalya-group-housing-gurgaon,0,2,0%,6
https://360ghar.com/locality/shree-ganesh-apartments-gurgaon,0,2,0%,6
https://360ghar.com/locality/silver-leaf-society-gurgaon,0,2,0%,6
https://360ghar.com/locality/ss-hibiscus-villa-gurgaon,0,2,0%,6
https://360ghar.com/locality/tulip-spectra-gurgaon,0,2,0%,6
https://360ghar.com/locality/unitech-escape-gurgaon,0,2,0%,6
https://360ghar.com/locality/aravali-heights-gurgaon,0,2,0%,6.5
https://360ghar.com/locality/housing-board-colony-sector-22-gurgaon,0,2,0%,6.5
https://360ghar.com/locality/parmanad-vaishno-enclave-gurgaon,0,2,0%,6.5
https://360ghar.com/locality/priyadarshini-apartment-gurgaon,0,2,0%,6.5
https://360ghar.com/locality/puri-diplomatic-greens-phase-ii-gurgaon,0,2,0%,6.5
https://360ghar.com/locality/ss-southend-elite-gurgaon,0,2,0%,6.5
https://360ghar.com/locality/sunhill-homes-meadows-gurgaon,0,2,0%,6.5
https://360ghar.com/locality/vatika-india-next-sovereign-next-gurgaon,0,2,0%,6.5
https://360ghar.com/locality/wings-apartment-gurgaon,0,2,0%,6.5
https://360ghar.com/locality/yadav-enclave-gurgaon,0,2,0%,6.5
https://360ghar.com/locality/zenith-woods-sector-59-gurgaon,0,2,0%,6.5
https://360ghar.com/policies,0,2,0%,6.5
https://360ghar.com/locality/block-b-sector-70-gurgaon,0,2,0%,7
https://360ghar.com/locality/green-homes-gurgaon,0,2,0%,7
https://360ghar.com/locality/housing-board-colony-sector-47-gurgaon,0,2,0%,7
https://360ghar.com/locality/huda-sector-9-gurgaon,0,2,0%,7
https://360ghar.com/locality/mahira-homes-68-gurgaon,0,2,0%,7
https://360ghar.com/locality/projects-in-raipur-gurgaon,0,2,0%,7
https://360ghar.com/locality/rof-alante-gurgaon,0,2,0%,7
https://360ghar.com/locality/sector-51-gurgaon,0,2,0%,7
https://360ghar.com/locality/sector-6-gurgaon,0,2,0%,7
https://360ghar.com/locality/spaze-privvy-address-gurgaon,0,2,0%,7
https://360ghar.com/locality/tulip-ace-gurgaon,0,2,0%,7
https://360ghar.com/locality/vatika-india-next-lifestyle-homes-gurgaon,0,2,0%,7
https://360ghar.com/locality/vatika-india-next-signature-two-gurgaon,0,2,0%,7
https://360ghar.com/locality/vatika-sovereign-park-gurgaon,0,2,0%,7
https://360ghar.com/property/1272,0,2,0%,7
https://360ghar.com/property/998,0,2,0%,7
https://360ghar.com/blog/home-loan-tax-benefits-in-india-save-more-on-your-emis-in-2025,0,2,0%,7.5