Top queries,Clicks,Impressions,CTR,Position
upload floor plan and check vastu free,18,100,18%,4.58
ai vastu check online free,9,82,10.98%,4.39
vastu checker,3,24,12.5%,8.88
bhu naksha gujarat,2,255,0.78%,9.09
ghar 360,2,39,5.13%,5.05
vastu ai,2,21,9.52%,14.19
magicbricks,2,7,28.57%,32.71
prime beach building juhu,2,5,40%,7.6
vastu check for flat online,2,5,40%,22.8
hardik pandya property,1,104,0.96%,3.62
shyam kutir 86 hathijan ahmedabad,1,26,3.85%,9.73
bhu naksha gujarat portal,1,19,5.26%,9.63
ai vastu analysis,1,16,6.25%,16.38
free vastu ai,1,5,20%,10.8
free vastu check online,1,4,25%,8
ai vastu house plan,1,2,50%,7.5
floor plan checker,1,2,50%,8
kriti sanon residence,1,2,50%,8
vastu floor plan check,1,2,50%,23
lucky flat number as per date of birth,1,1,100%,3
360 house,1,1,100%,4
the atlantis cghs,1,1,100%,4
raheja krishna housing scheme,1,1,100%,7
online vastu check for flat free,1,1,100%,19
built up area calculator online,1,1,100%,20
sharad kelkar net worth,0,249,0%,7.51
loan against property documents required,0,74,0%,50.36
carpet area calculator,0,65,0%,11.68
dlf oakwood estate,0,61,0%,10.48
documents for loan against property,0,58,0%,51.84
loan against property documents list,0,56,0%,51.61
shubham dubey net worth,0,55,0%,6.69
flat number,0,54,0%,11.2
"allu arjun is not relocating to mumbai permanently, sources confirm",0,48,0%,2.98
what documents required for loan against property,0,48,0%,50.38
akshay kumar house juhu,0,46,0%,11.54
ayesha khan net worth,0,44,0%,2.25
which documents required for loan against property,0,44,0%,51.18
what are documents required for loan against property,0,44,0%,52.93
what are the documents required for loan against property,0,43,0%,51.4
loan against property what documents required,0,42,0%,59.12
check home loan eligibility,0,42,0%,80.4
what documents are required for loan against property,0,41,0%,52.83
what are the documents required for a lap loan against property,0,41,0%,57.29
what is the criteria for obtaining loan against your property?,0,39,0%,66.85
how to be co applicant in loan against property,0,38,0%,65.21
what is the criteria for obtaining loan against your property,0,36,0%,69.83
allu arjun house price,0,34,0%,5.53
mofa to rera carpet conversion calculator,0,32,0%,42.88
loan against property documents,0,31,0%,53.65
homziio vs 99acres for verified listings,0,30,0%,5.33
shyam kutir 86,0,30,0%,9.67
belvedere park gurgaon,0,30,0%,10.1
4840 gaj in acre,0,29,0%,9.93
igr maharashtra registration fee gift deed 1% cap 30000,0,29,0%,10.41
allu arjun new house construction,0,27,0%,9.3
flat number meaning,0,27,0%,10.07
carpet area to built up area calculator,0,27,0%,41.33
housing loan eligibility calculator,0,27,0%,82.07
allu arjun property value,0,25,0%,8.24
best ways to pay rent with credit card without high fees 2026,0,24,0%,4.04
allu arjun property,0,22,0%,8.45
documents required for loan against property,0,21,0%,52.67
actor vikram house in chennai location,0,20,0%,7.15
what is flat number,0,20,0%,7.85
gujarat bhu naksha,0,20,0%,9.8
documents required for property loan,0,20,0%,48.2
how much home loan can i get,0,20,0%,80.5
best flat number as per vastu,0,19,0%,1.53
homziio vs 99acres verified listings,0,19,0%,6.11
home loan eligibility calculator,0,19,0%,72.63
where does milind soman live,0,18,0%,7.67
nayanthara asset value,0,18,0%,8.56
rashmika mandanna property,0,18,0%,9.06
oakwood estate gurgaon,0,18,0%,10.72
kaliyabid,0,18,0%,11.11
gulmohar apartment gurgaon,0,18,0%,11.17
aditi bhatia net worth in rupees,0,18,0%,11.5
built up area to carpet area,0,18,0%,58.83
home eligibility calculator,0,18,0%,81.78
shyam kutir 86 hathijan,0,17,0%,8.59
refer and earn real estate,0,17,0%,9.59
vastu ai free,0,17,0%,10.94
sector 44,0,16,0%,6
shubman gill house location,0,16,0%,11.25
vasant apartment gurgaon,0,16,0%,13.88
homziio vs magicbricks comparison for property listings india,0,16,0%,15.88
beverly park 2 gurgaon,0,16,0%,19.75
home loan co applicant,0,16,0%,45.12
home loan emi eligibility calculator,0,16,0%,84.38
360 sq ft in gaj,0,15,0%,11.27
akshay kumar home juhu,0,15,0%,11.4
palam vihar extension,0,15,0%,18.07
co applicant in home loan,0,15,0%,30.67
floor planner tool,0,15,0%,80.53
benefits of rentpay,0,14,0%,5.43
sharad kelkar house price,0,14,0%,6.43
lions society,0,14,0%,8.14
parsvnath green ville,0,14,0%,10.64
ss aaron ville,0,14,0%,11.5
luxury apartments in gurgaon for rent,0,14,0%,25.5
high rise apartments for rent in gurgaon,0,14,0%,26.93
vastu report online,0,14,0%,32.86
built up area calculation,0,14,0%,63.71
sharad kelkar house,0,13,0%,4.54
teja sajja house,0,13,0%,7.23
keerthy suresh house chennai,0,13,0%,8
best ways to pay rent with credit card 2026,0,13,0%,8.15
2400 gaj in acre,0,13,0%,8.85
shyam kutir hathijan,0,13,0%,9
vikram house,0,13,0%,9.15
evaluate the integrated township development company dlf on apartment search,0,13,0%,9.85
siddhant chaturvedi net worth,0,13,0%,10.46
sardar nagar bhavnagar,0,13,0%,11.15
rera carpet area calculator,0,13,0%,24.15
checklist for loan against property,0,13,0%,24.85
documents required for applying loan against property,0,13,0%,46.15
best ways to pay rent with credit card without fees 2026,0,12,0%,5.83
city heights gurugram,0,12,0%,7.25
doordarshan apartment,0,12,0%,8.17
irwo westend towers,0,12,0%,9.17
vinayak courtyard,0,12,0%,10.67
belvedere park gurugram,0,12,0%,11.5
ready to move meaning,0,12,0%,14.33
how to check vastu of house online,0,12,0%,19.67
property documents required for loan against property,0,12,0%,44.92
how to calculate carpet area from built up area,0,12,0%,52.17
mortgage loan documents list,0,12,0%,59.25
home loan eligibility calculator india,0,12,0%,73.42
property loan eligibility calculator,0,12,0%,80.83
hardik pandya vadodara house location,0,11,0%,1
carpet area to built-up area calculator india,0,11,0%,2.27
monsoon breeze ii,0,11,0%,4.73
net worth of sharad kelkar,0,11,0%,6.82
which flat number is lucky as per vastu,0,11,0%,6.82
sriprad aayansh,0,11,0%,8.36
bhu naksha gujrat,0,11,0%,8.64
shubman gill house in fazilka,0,11,0%,8.73
disha patani house location,0,11,0%,8.82
dlf belvedere park,0,11,0%,9.73
99acres is real or fake,0,11,0%,10.73
lucky flat number,0,11,0%,12.73
homziio vs magicbricks comparison for property listings,0,11,0%,14.64
ai vastu,0,11,0%,15.55
best apartments in gurgaon for rent,0,11,0%,34.18
property loan documents,0,11,0%,42.64
carpet area to square feet,0,11,0%,68.27
house loan eligibility calculator,0,11,0%,85.82
vikram house location,0,10,0%,6.6
where does sharad kelkar live,0,10,0%,8.7
302 flat number numerology,0,10,0%,8.8
shubham dubey net worth in rupees,0,10,0%,8.9
best rent payment apps with rewards cashback 2025 2026,0,10,0%,10
akshay kumar juhu beach house,0,10,0%,10.2
free online vastu home plans,0,10,0%,16.8
online ai vastu analysis,0,10,0%,19.2
yashasvi jaiswal house,0,10,0%,20.4
co applicant for home loan,0,10,0%,24.6
list of documents required for loan against property,0,10,0%,43.2
dlf phase 2 gurgaon,0,10,0%,53.7
noidapg.com,0,10,0%,70.2
home loan eligibility checker,0,10,0%,83.9
ayesha khan house,0,9,0%,3.67
ekta apartments gurugram,0,9,0%,5.56
tejasswi prakash real estate business,0,9,0%,5.89
milind soman house,0,9,0%,6.11
meenakshi chaudhary house,0,9,0%,6.22
doordarshan apartments gurgaon,0,9,0%,8
new sathi apartment,0,9,0%,8.33
keerthy suresh house location,0,9,0%,8.78
ace palm floors gurgaon,0,9,0%,9.44
palm grove heights,0,9,0%,9.78
ansal valley view estate,0,9,0%,10
ai based vastu analysis tool,0,9,0%,20.44
super built up area to carpet area calculator,0,9,0%,36
documentation for loan against property,0,9,0%,40.44
calculate carpet area,0,9,0%,42.78
documents required for mortgage loan,0,9,0%,50.67
bigha to acre,0,9,0%,50.89
carpet to built up,0,9,0%,66
housing loan eligibility,0,9,0%,79.11
sharad kelkar net worth 2026,0,8,0%,6
which flat number is good as per vastu,0,8,0%,6.75
bhu naksha gujarat 2025,0,8,0%,6.88
vikram actor house,0,8,0%,7.62
what are multi family residential reits and how do they work in india,0,8,0%,7.75
where does ananya panday live,0,8,0%,7.75
keerti gaekwad kelkar net worth,0,8,0%,8.25
vijay rattan vihar,0,8,0%,8.88
disha patani residence,0,8,0%,9.62
chiyaan vikram house,0,8,0%,10.12
dev aurum gandhinagar,0,8,0%,10.5
flat lucky number,0,8,0%,11
360 square feet in gaj,0,8,0%,11.75
5 important factors to keep in mind when prepaying your home loan,0,8,0%,12.25
sector 81 gurgaon,0,8,0%,12.5
where does shubman gill live,0,8,0%,13.12
builder reputation check,0,8,0%,13.62
vastu analysis online,0,8,0%,21.5
show independent builder floor in gurgaon sector 40 gurgaon,0,8,0%,28
vipul world,0,8,0%,28
sector 68 gurgaon,0,8,0%,28.25
built up area to carpet area calculator,0,8,0%,30.25
top 10 posh area in mumbai,0,8,0%,32.12
property loan requirements,0,8,0%,40.38
convert built up to carpet area,0,8,0%,48.88
how to calculate rera carpet area,0,8,0%,64.62
built up to carpet area,0,8,0%,79.5
online home loan eligibility calculator,0,8,0%,93.88
rera carpet area to square feet converter,0,7,0%,5.86
milind soman house location,0,7,0%,7
the cedar estate,0,7,0%,7.57
adajan surat area,0,7,0%,8.57
ananya panday house price,0,7,0%,9.14
how to stop getting calls from magicbricks,0,7,0%,9.71
raheja vedaanta floors,0,7,0%,9.86
adajan area surat,0,7,0%,10.14
royalton tower gurgaon rent,0,7,0%,10.14
vastu lucky numbers,0,7,0%,10.29
anupam kher house,0,7,0%,10.43
"evaluate the integrated township development company dlf on lifestyle & 
family suitability",0,7,0%,10.86
square yards vs competitors – full comparison guide,0,7,0%,11
meenakshi chaudhary net worth in rupees,0,7,0%,11.14
360 sq yard to gaj,0,7,0%,11.43
43560 sq ft to ground,0,7,0%,11.43
prithvi apartment,0,7,0%,12.14
vipul greens,0,7,0%,13.43
dlf pink town house,0,7,0%,14
hamilton court gurgaon rent,0,7,0%,16.71
vikram home,0,7,0%,19.86
lord krishna apartment,0,7,0%,25.14
vastu check online,0,7,0%,29.14
apartments with swimming pool in gurgaon,0,7,0%,30.86
online vastu check,0,7,0%,31.86
online vastu check for flat,0,7,0%,39.71
bilaspur kalan,0,7,0%,40.43
convert carpet area to built up area calculator,0,7,0%,40.43
check vastu online,0,7,0%,43
loan against property papers,0,7,0%,48.43
carpet area in square feet,0,7,0%,52.43
property against loan documents,0,7,0%,56.14
property documents required for home loan,0,7,0%,60.57
indexation calculator,0,7,0%,71.43
maximum home loan eligibility,0,7,0%,90.43
where does hardik pandya live,0,6,0%,1
360 carpet area in square feet,0,6,0%,2.83
allu arjun 100 crore house,0,6,0%,3.67
urban estate gurgaon,0,6,0%,4
whispering meadows gurgaon,0,6,0%,4.67
allu arjun home price,0,6,0%,5.17
unitech wildflower country gurgaon,0,6,0%,6.67
360 property circle.com noida,0,6,0%,7.17
cedar estate,0,6,0%,8.17
harmony homes gurugram,0,6,0%,8.33
housing board colony sector 51 gurgaon,0,6,0%,8.33
property of hardik pandya,0,6,0%,8.83
how to stop magicbricks calls,0,6,0%,9.17
akshay kumar house juhu beach,0,6,0%,9.5
power of attorney gujarat,0,6,0%,9.67
poc in real estate,0,6,0%,10
ansal harmony homes,0,6,0%,10.33
janti online,0,6,0%,10.5
san verdante,0,6,0%,10.5
actor vikram house in chennai,0,6,0%,10.67
bhondsi gurgaon,0,6,0%,11.17
"which digital payment methods are best for paying rent in india and what 
fees or limits should i expect?",0,6,0%,11.33
prabhas house price,0,6,0%,11.83
ratan tata home,0,6,0%,11.83
prabhas property value,0,6,0%,12.17
oakwood estate,0,6,0%,12.83
vision ventus,0,6,0%,12.83
homziio vs magicbricks for property listings comparison,0,6,0%,13.5
variav,0,6,0%,15.33
prime beach juhu,0,6,0%,15.67
loan against property checklist,0,6,0%,27.17
super built up area to carpet area converter,0,6,0%,28.17
documents required for 4 crore loan against property,0,6,0%,28.67
vastu check for house,0,6,0%,37.17
sector 72,0,6,0%,39.5
loan against property documents checklist,0,6,0%,41.5
documents required loan against property,0,6,0%,41.83
carpet area calculation,0,6,0%,46.5
vastu check,0,6,0%,47
rera area calculation,0,6,0%,56.67
document for loan against property,0,6,0%,58.83
lap loan documents,0,6,0%,65.17
what are the property documents required for home loan,0,6,0%,65.17
loan against property required documents,0,6,0%,67.83
property documents,0,6,0%,69.17
capital gains tax on property calculator,0,6,0%,79.33
home loan amount eligibility,0,6,0%,81.33
home loan top up eligibility calculator,0,6,0%,82.67
allu arjun total property,0,5,0%,1
anupam kher house name mumbai,0,5,0%,1
check my vastu online free,0,5,0%,1
elephant vastu direction in living room,0,5,0%,1
where did hardik pandya live,0,5,0%,1
vastu ai app,0,5,0%,1.2
emerging residential hotspots in ahmedabad 2025,0,5,0%,2
delhi blue apartments,0,5,0%,4
land acquisition act 2025,0,5,0%,4.4
where does ayesha khan live,0,5,0%,4.4
milind soman home,0,5,0%,5.2
anupam kher residence,0,5,0%,5.4
akshay kumar home address,0,5,0%,6
rajesh pilot marg gurgaon,0,5,0%,6
pwo housing complex,0,5,0%,6.2
sukh shanti apartment,0,5,0%,6.4
vastu apartment,0,5,0%,6.6
most expensive house in jubilee hills,0,5,0%,7.2
sector 110 gurgaon,0,5,0%,7.2
imperia elvedor,0,5,0%,7.6
dew drops apartment,0,5,0%,8
tarika apartment gurugram,0,5,0%,8
krishna apartment gurugram,0,5,0%,8.2
allu arjun house cost,0,5,0%,9
jasminium apartments,0,5,0%,9
new shivalik,0,5,0%,9
is 99 acres legit,0,5,0%,9.2
kaliyabid bhavnagar,0,5,0%,9.4
olive crescent,0,5,0%,9.8
casa picasso gurgaon,0,5,0%,10
elephant position,0,5,0%,10
rajesh pilot marg,0,5,0%,10
royalton tower gurgaon,0,5,0%,10.2
ekta enclave gurgaon,0,5,0%,10.4
sagavi apartments gurgaon,0,5,0%,10.6
allu arjun mansion,0,5,0%,11
emerald greens gurugram,0,5,0%,11
how to stop calls from magicbricks,0,5,0%,11
bhim garh kheri gurgaon,0,5,0%,11.4
aditi bhatia net worth,0,5,0%,11.8
akshay kumar juhu house,0,5,0%,11.8
bhunaksha gujarat home,0,5,0%,11.8
sector 96 gurgaon,0,5,0%,11.8
where shubman gill lives,0,5,0%,12
allu arjun property in rupees,0,5,0%,12.4
sector 94 gurgaon,0,5,0%,13
where do allu arjun live,0,5,0%,13.4
bhunaksha gujrat,0,5,0%,14
construction cost in ahmedabad,0,5,0%,14
pink town house,0,5,0%,14.2
palam vihar extension gurgaon,0,5,0%,14.6
malibu town gurgaon,0,5,0%,16
ratan tata house,0,5,0%,17
ambience creacions possession date,0,5,0%,17.8
how does having co applicant for your home loan help,0,5,0%,19.8
india skyscrapers,0,5,0%,20
vastu analysis platform,0,5,0%,21
gst on under construction flat,0,5,0%,22.4
carpet area to built up area converter,0,5,0%,23.4
ownership proof documents list,0,5,0%,24.6
vastu analysis ai tool,0,5,0%,25.2
built up to carpet area calculator,0,5,0%,28.8
automated vastu analysis,0,5,0%,29.6
ownership proof documents in india,0,5,0%,36.4
ownership proof documents,0,5,0%,39.4
loan against house documents,0,5,0%,41.4
super built up area calculation,0,5,0%,41.6
property mortgage loan documents,0,5,0%,42
loan against property document required,0,5,0%,43.2
documents required top up loan on lap,0,5,0%,48.2
convert carpet area to built up area,0,5,0%,51.2
area converter india,0,5,0%,52.4
sector 37d gurgaon,0,5,0%,54.4
calculate carpet area from built up area,0,5,0%,57.2
documents required for lap loan,0,5,0%,59.2
rera carpet area calculation,0,5,0%,63.8
property documents list,0,5,0%,66.4
vastu paintings,0,5,0%,70.2
loan against land documents,0,5,0%,71.2
capital gain on sale of property calculator,0,5,0%,71.4
sell land in india,0,5,0%,72.4
capital gain calculator with indexation,0,5,0%,78
home loan eligibility,0,5,0%,79.6
housing eligibility calculator,0,5,0%,81.4
check housing loan eligibility,0,5,0%,89.6
allu arjun total property value,0,4,0%,1
anil kapoor house price,0,4,0%,1
hardik pandya house price,0,4,0%,1
hardik pandya lives in,0,4,0%,1
hardik pandya's house,0,4,0%,1
where hardik pandya lives,0,4,0%,1
which flat number is lucky,0,4,0%,1
free online vastu check,0,4,0%,2
hardik pandya properties,0,4,0%,3
where did shubman gill live,0,4,0%,3.5
yes,0,4,0%,3.5
bhagwati bhawan,0,4,0%,4.75
prerna apartment,0,4,0%,5
progressive apartments gurugram,0,4,0%,5
homziio vs 99acres comparison verified listings,0,4,0%,5.5
kiran residency,0,4,0%,5.75
sovereign apartments,0,4,0%,6
siddhant chaturvedi net worth 2026,0,4,0%,6.25
sagar homes gurgaon,0,4,0%,6.5
sharad kelkar networth,0,4,0%,6.5
aspen greens gurgaon,0,4,0%,7.75
housing board colony sector 57 gurgaon,0,4,0%,7.75
lucky number for flat,0,4,0%,8
czar mahira homes 63a,0,4,0%,8.25
aravali homes,0,4,0%,8.5
house tax delhi last date 2026 27,0,4,0%,8.5
ready to move in,0,4,0%,8.5
flat no 3,0,4,0%,8.75
lucky flat number as per vastu,0,4,0%,8.75
actor vikram house,0,4,0%,9
akshay kumar house location,0,4,0%,9
hardik pandya home city,0,4,0%,9
awho gurgaon,0,4,0%,9.25
dev aurum - 2 & 3 bhk - dev group gandhinagar,0,4,0%,9.25
akshay kumar bungalow juhu,0,4,0%,9.5
bhunaksha gujarat land map portal,0,4,0%,9.5
meditech apartments,0,4,0%,9.5
vision ventus gandhinagar,0,4,0%,9.5
where does shubman gill live now,0,4,0%,9.5
connoisseur twin towers,0,4,0%,9.75
dev aurum kudasan,0,4,0%,9.75
poc for home,0,4,0%,9.75
sector 61 gurgaon,0,4,0%,10
99 acres is genuine or fake,0,4,0%,10.25
dlf belvedere park gurgaon,0,4,0%,10.25
meenakshi chaudhary net worth 2026,0,4,0%,10.25
nayanthara business ventures,0,4,0%,10.25
raheja vanya possession date,0,4,0%,10.25
shubman gill new house location,0,4,0%,10.25
itm enclave gurgaon,0,4,0%,10.5
2400sq feet in gaj,0,4,0%,10.75
gail cghs,0,4,0%,10.75
online vastu calculator free,0,4,0%,10.75
raheja sampada,0,4,0%,10.75
akshay kumar bungalow in juhu,0,4,0%,11
dlf camellias maintenance charges per month,0,4,0%,11
square yards vs 99acres – advisory support difference,0,4,0%,11
best rent payment apps with rewards and zero fees 2025 2026,0,4,0%,11.25
"evaluate the integrated township development company dlf on location & 
connectivity",0,4,0%,11.25
vikram's house,0,4,0%,11.25
pyramid fusion homes possession date,0,4,0%,11.5
tulip garden gurgaon,0,4,0%,12
akshay kumar house in juhu,0,4,0%,12.25
sidhartha ncr greens,0,4,0%,12.25
spire edge gurgaon,0,4,0%,12.25
where to place pooja room in east facing house,0,4,0%,12.25
pal city,0,4,0%,12.5
construction cost per square yard in ahmedabad,0,4,0%,13
bhu naksha home gujarat,0,4,0%,13.75
laxman vihar phase 2 gurgaon,0,4,0%,14
apex apartments gurgaon,0,4,0%,14.25
construction cost per square feet in ahmedabad,0,4,0%,14.25
laxman vihar gurgaon,0,4,0%,14.25
rera calculator india,0,4,0%,16.25
elan mercado service apartment,0,4,0%,17.5
3 bhk builder floor in gurgaon,0,4,0%,18
malibu town,0,4,0%,18
dlf silver oaks,0,4,0%,18.75
chakkarpur,0,4,0%,19.25
online vastu check for house,0,4,0%,21.75
kriti sanon house,0,4,0%,23.75
readytomovein interior,0,4,0%,23.75
vastu analysis tool online,0,4,0%,25.75
free vastu,0,4,0%,26.25
apartments in dlf phase 2 gurgaon,0,4,0%,26.5
vastu online check,0,4,0%,27.25
raheja vedanta,0,4,0%,27.75
jaiswal home,0,4,0%,30
bptp park prime,0,4,0%,31.5
cvaastu ai,0,4,0%,31.75
built up area calculator,0,4,0%,33.5
gst for under construction property,0,4,0%,33.75
lap loan documents required,0,4,0%,37.5
sector 79 gurgaon,0,4,0%,40
documents required for loan against property in mysore,0,4,0%,42.25
sector 80 gurgaon,0,4,0%,44.5
loading factor in real estate,0,4,0%,46.5
ltcg tax calculator,0,4,0%,48.25
buildup to carpet area calculator,0,4,0%,48.75
sohna sector 25,0,4,0%,50.25
land calculator india,0,4,0%,51.5
loan against property documents required pdf,0,4,0%,53.75
floor planner,0,4,0%,55.25
lap loan documents list,0,4,0%,56.25
carpet area to built up area,0,4,0%,58.75
sq ft to carpet area,0,4,0%,62.5
documents needed for loan against property,0,4,0%,65.75
property documents for home loan,0,4,0%,70.5
home loan availability check,0,4,0%,75
how to calculate carpet area of flat,0,4,0%,76.75
calculate house loan eligibility,0,4,0%,80
lap emi calculator meaning,0,4,0%,81.5
how to calculate home loan eligibility,0,4,0%,83.25
how to check home loan eligibility,0,4,0%,83.5
check home loan eligibility online,0,4,0%,90
allu arjun assets value,0,3,0%,1
allu arjun house area,0,3,0%,1
flat number 2,0,3,0%,1
hardik pandya vadodara house society name,0,3,0%,1
rera carpet to built up area calculator,0,3,0%,1
universal aura,0,3,0%,1
vastu check online free,0,3,0%,1
rera complaint,0,3,0%,2.33
how to verify land title online,0,3,0%,4
bajrang apartment,0,3,0%,4.33
citizen apartment gurgaon,0,3,0%,4.33
gurgaon radius,0,3,0%,4.33
tarika apartments gurgaon,0,3,0%,4.67
bhunaksha gujarat,0,3,0%,5
water bill clearance required for property mutation india,0,3,0%,5.33
prithvi apartments,0,3,0%,5.67
where does allu arjun live,0,3,0%,5.67
siddhant chaturvedi house,0,3,0%,6
ronaldo turin,0,3,0%,6.33
vinayak group gandhinagar,0,3,0%,6.33
shiv shakti apartment gurgaon,0,3,0%,6.67
urja towers gurgaon,0,3,0%,6.67
ajay devgn bungalow name,0,3,0%,7
mariners home gurgaon,0,3,0%,7
urja towers,0,3,0%,7
enagar gujarat,0,3,0%,7.33
san marino apartments,0,3,0%,7.33
today canary greens gurgaon,0,3,0%,7.33
aravali homes gurgaon,0,3,0%,7.67
ild arete,0,3,0%,7.67
skyscrapers in india,0,3,0%,7.67
vk homes gurgaon,0,3,0%,7.67
where does hardik pandya stay,0,3,0%,7.67
ashiana classic personal floors gurgaon,0,3,0%,8
saksham welfare association,0,3,0%,8
satguru apartment gurgaon,0,3,0%,8
vatika tranquil heights gurgaon,0,3,0%,8
where does hardik pandya live in mumbai,0,3,0%,8
dlf beverly park 2,0,3,0%,8.33
flat no as per vastu,0,3,0%,8.33
teja sajja net worth 2025,0,3,0%,8.33
city heights gurgaon,0,3,0%,8.67
palm grove heights gurgaon,0,3,0%,8.67
g99 plots,0,3,0%,9
golf course road gurgaon societies list,0,3,0%,9
housing board colony sector 31 gurgaon,0,3,0%,9
nayanthara asset,0,3,0%,9
suncity avenue 102 nearest metro station,0,3,0%,9
bhu-naksha gujarat,0,3,0%,9.33
bts house location,0,3,0%,9.33
osb golf heights,0,3,0%,9.33
super builtup to carpet area calculator,0,3,0%,9.33
allu arjun new house,0,3,0%,9.67
bhavnagar sardar nagar,0,3,0%,9.67
bptp pedestal,0,3,0%,9.67
dlf garden estate gurgaon,0,3,0%,9.67
is magicbricks reliable,0,3,0%,9.67
surya apartments gurgaon,0,3,0%,9.67
vikram house in chennai,0,3,0%,9.67
vikram residence,0,3,0%,9.67
dlf oakwood estate gurgaon,0,3,0%,10
mrg meridian possession date,0,3,0%,10
tulip yellow possession date,0,3,0%,10
ways to pay rent with credit card 2026,0,3,0%,10
where is bts house in south korea,0,3,0%,10
300 carpet area in square feet,0,3,0%,10.33
awho sujjan vihar,0,3,0%,10.33
green meadows gurgaon,0,3,0%,10.33
ild grand centra,0,3,0%,10.33
chiyaan vikram house location,0,3,0%,10.67
where to put tulsi plant in house,0,3,0%,10.67
dlf garden estate,0,3,0%,11
rashmika mandanna properties,0,3,0%,11
ajay devgn bungalow,0,3,0%,11.33
akshay kumar residence mumbai,0,3,0%,11.33
ifs apartment gurgaon,0,3,0%,11.33
maple crescent,0,3,0%,11.33
qutub heights,0,3,0%,11.33
shubman gill residence,0,3,0%,11.33
allu arjun where live,0,3,0%,11.67
bhimgarh kheri gurgaon,0,3,0%,11.67
is zolo safe,0,3,0%,11.67
dlf oakwood,0,3,0%,12
gurgaon transit apex,0,3,0%,12
satguru apartment,0,3,0%,12
sector 38,0,3,0%,12
signature global superbia possession date,0,3,0%,12
raheja maheshwara,0,3,0%,12.33
sagar apartments gurgaon,0,3,0%,12.33
shiv shakti bungalow juhu,0,3,0%,12.33
ss hibiscus booking,0,3,0%,12.33
where is akshay kumar house,0,3,0%,12.33
anant raj madelia gurgaon,0,3,0%,12.67
construction cost per sq ft in ahmedabad,0,3,0%,12.67
sevasi vadodara,0,3,0%,12.67
adani veris reviews,0,3,0%,13
flat number as per vastu,0,3,0%,13
magicbricks.in,0,3,0%,13
vastu shastra ai,0,3,0%,13
apna enclave gurgaon,0,3,0%,13.33
greenwood city gurgaon,0,3,0%,13.33
sector 85 gurgaon nearest metro,0,3,0%,13.33
2400 sq ft in gaj,0,3,0%,13.67
checking jantri rate gujarat,0,3,0%,13.67
vatika turning point dwarka expressway,0,3,0%,13.67
ansal florence residency gurgaon,0,3,0%,14
kl rahul house in mumbai,0,3,0%,14
dlf silver oaks gurgaon,0,3,0%,14.33
bhunaksha home gujarat,0,3,0%,15
sector 97 gurgaon,0,3,0%,15
emaar emerald floors premier,0,3,0%,16
kiran residency gurgaon,0,3,0%,16
sector 88a gurgaon,0,3,0%,16
garden estate gurgaon,0,3,0%,16.33
unitech the villas gurgaon,0,3,0%,16.33
dlf phase 2 house for sale,0,3,0%,16.67
property referral,0,3,0%,16.67
central park 2 bellevue gurgaon,0,3,0%,18
vastu score,0,3,0%,18
check jantri online,0,3,0%,18.67
house construction cost in ahmedabad,0,3,0%,19
silver oaks gurgaon,0,3,0%,19
3 bhk floor in gurgaon,0,3,0%,19.33
palam vihar ext,0,3,0%,20.33
m3m skywalk payment plan,0,3,0%,20.67
sanjay gram gurgaon,0,3,0%,20.67
sector 70,0,3,0%,21.33
what is a co applicant,0,3,0%,23
documents required for 35 lakh loan against property,0,3,0%,23.33
super built up area to built up area calculator,0,3,0%,25
documents required for 1 crore loan against property,0,3,0%,26
documents required for 4.5 crore loan against property,0,3,0%,26.67
documents required for 5 crore loan against property,0,3,0%,27
luxury flats for rent in gurgaon india,0,3,0%,27.33
documents required for 2.5 crore loan against property,0,3,0%,28.33
documents required for 30 lakh loan against property,0,3,0%,28.33
nbc guidelines,0,3,0%,28.33
vastu consultant online free,0,3,0%,28.67
gaj to bigha,0,3,0%,29
documents required for 2 crore loan against property,0,3,0%,29.33
sector 64 gurgaon,0,3,0%,32
parsvnath greenville,0,3,0%,32.67
property documents checklist,0,3,0%,37.67
property loan documents required,0,3,0%,38
documents required for home loan against property,0,3,0%,38.33
gurgaon sector 64,0,3,0%,38.33
lucky house names,0,3,0%,38.33
manjalpur vadodara gujarat,0,3,0%,38.67
sector 112 gurgaon,0,3,0%,39.33
adani veris gurgaon,0,3,0%,39.67
sector 113 gurgaon,0,3,0%,41
co applicant in home loan eligibility,0,3,0%,42
sector 48 gurgaon haryana,0,3,0%,42
aura world gurgaon,0,3,0%,42.67
vastu calculator,0,3,0%,43
water fountain for home vastu,0,3,0%,43
ground to acre,0,3,0%,44.33
dlf phase 2,0,3,0%,44.67
how to calculate super built up area,0,3,0%,44.67
carpet to built up calculator,0,3,0%,45.33
document required for loan against property,0,3,0%,49
carpet area calculator in sq ft,0,3,0%,50.33
what are the documents required for mortgage loan,0,3,0%,51.33
sector 49 sohna road gurgaon,0,3,0%,52
carpet to built up area,0,3,0%,52.33
how to calculate carpet area from super built up area,0,3,0%,52.33
mahindra aura,0,3,0%,54.33
carpet area to built up area conversion,0,3,0%,54.67
sector 20 gurugram,0,3,0%,55.67
vastu water fountain in front of house,0,3,0%,56.33
builtup to carpet,0,3,0%,57.33
luxury branded residences for sale in gurgaon,0,3,0%,57.67
bigha in acre,0,3,0%,58
calculate built up area from carpet area,0,3,0%,58
sector 38 gurgaon,0,3,0%,60
stcg tax rate on property,0,3,0%,60.67
sector 14 sohna,0,3,0%,61
dlf city phase 2,0,3,0%,62.67
built up to carpet,0,3,0%,63.33
sector 45 gurgaon,0,3,0%,65.33
ltcg calculator,0,3,0%,66
how to calculate carpet area from saleable area,0,3,0%,66.67
carpet area calculation as per rera,0,3,0%,67.67
what is oc in property,0,3,0%,68
how to calculate carpet area from floor plan,0,3,0%,68.67
how to file complaint in rera,0,3,0%,69
land indexation calculator,0,3,0%,69
real estate documents,0,3,0%,69.33
maximum mortgage loan calculator,0,3,0%,69.67
real estate referral program,0,3,0%,70.33
housing loan co applicant,0,3,0%,70.67
how calculate carpet area,0,3,0%,71.33
greenwood city sector 46,0,3,0%,72.33
stamp duty registration charges in mumbai,0,3,0%,73
documents required for lap,0,3,0%,74.67
buy house loan calculator,0,3,0%,75.67
home loan eligibility online,0,3,0%,75.67
bhondsi,0,3,0%,78.67
main entrance door vastu,0,3,0%,81
property stamp duty mumbai,0,3,0%,81.67
loan eligibility for home loan,0,3,0%,82.33
stamp duty charges in mumbai,0,3,0%,82.67
calculate emi on lap,0,3,0%,85
document required for mortgage loan,0,3,0%,85
home loan eligibility check,0,3,0%,85.33
home loan eligibility india calculator,0,3,0%,88
home loan limit calculator,0,3,0%,88.33
home loan loan eligibility calculator,0,3,0%,91
check home loan eligibility calculator,0,3,0%,93
maximum home loan amount,0,3,0%,96.67
home loan amount eligibility calculator,0,3,0%,97.67
home loan eligibility calculator based on salary,0,3,0%,97.67
ai vastu app,0,2,0%,1
ayesha khan total net worth,0,2,0%,1
best ai tool for vastu shastra,0,2,0%,1
first ghar,0,2,0%,1
free vastu check,0,2,0%,1
hardik pandya home price,0,2,0%,1
hardik pandya lives in mumbai,0,2,0%,1
hardik pandya lives in which city,0,2,0%,1
hardik pandya total property in rupees,0,2,0%,1
hardik pandya where live,0,2,0%,1
opulence villas gurgaon,0,2,0%,1
rashmika property,0,2,0%,1
sharad kelkar income,0,2,0%,1
tejasswi prakash net worth in rupees 2026,0,2,0%,1
vastu shastra for flat number,0,2,0%,1
ayesha khan gym,0,2,0%,2
best apps to pay rent with credit card in india 2026,0,2,0%,2
hardik pandya birth place,0,2,0%,3
refer and earn,0,2,0%,3
kl rahul home location,0,2,0%,3.5
sharad kelkar,0,2,0%,4
cristiano ronaldo turin,0,2,0%,5
godrej society,0,2,0%,5
mihir apartment,0,2,0%,5
omaxe executive floors gurgaon,0,2,0%,5
what is flat no,0,2,0%,5
arowana meaning in feng shui,0,2,0%,5.5
rera carpet to carpet area calculator,0,2,0%,5.5
sas arcadia,0,2,0%,5.5
where is keerthy suresh home,0,2,0%,5.5
allu arjun luxury house,0,2,0%,6
hardik pandya property in rupees,0,2,0%,6
i block palam vihar,0,2,0%,6
igr maharashtra registration fee gift deed 1% maximum 30000,0,2,0%,6
mahalaxmi apartments gurgaon,0,2,0%,6
meenakshi chaudhary home,0,2,0%,6
ready for flat,0,2,0%,6
shivalya,0,2,0%,6
shree ganesh apartments gurgaon,0,2,0%,6
sidhartha estella,0,2,0%,6
disha patani current location,0,2,0%,6.5
dlf arbour connectivity,0,2,0%,6.5
partial occupancy certificate,0,2,0%,6.5
ready to move,0,2,0%,6.5
southend elite,0,2,0%,6.5
sukh shanti apartment gurgaon,0,2,0%,6.5
variav surat,0,2,0%,6.5
what is co applicant in home loan,0,2,0%,6.5
anupam kher home in shimla,0,2,0%,7
gst on under construction property,0,2,0%,7
hibiscus lane,0,2,0%,7
privvy the address,0,2,0%,7
"""bhulekh.up.gov.in""",0,2,0%,7.5
bpl flats in gurgaon,0,2,0%,7.5
dev aurum kudasan gandhinagar,0,2,0%,7.5
samanvay apartment,0,2,0%,7.5
top services for paying rent with plastic.,0,2,0%,7.5
bhumi pednekar house location,0,2,0%,8
gracious tower,0,2,0%,8
green ville,0,2,0%,8
iibx official website,0,2,0%,8
kl rahul property,0,2,0%,8
nidhhi agerwal net worth in rupees,0,2,0%,8
nkv residency,0,2,0%,8
ocus 24k rent,0,2,0%,8
signature global city 37d possession date,0,2,0%,8
sports ville gurugram,0,2,0%,8
yashasvi jaiswal home location,0,2,0%,8
hardik pandya property value,0,2,0%,8.5
joy kunj apartment,0,2,0%,8.5
madhav aishvaryam,0,2,0%,8.5
prabhas house in mumbai,0,2,0%,8.5
sirhaul,0,2,0%,8.5
trimurti heights gurgaon,0,2,0%,8.5
ardee palm grove heights gurgaon,0,2,0%,9
basera apartment,0,2,0%,9
best fintech rewards for paying rent with credit card 2026,0,2,0%,9
godrej signature,0,2,0%,9
house ownership document,0,2,0%,9
meenakshi chaudhary remuneration for anaganaga oka raju,0,2,0%,9
pay rent with credit card 2026,0,2,0%,9
shiv shakti apartments gurgaon,0,2,0%,9
shyam kutir 86 photos,0,2,0%,9
ai vastu floor plan,0,2,0%,9.5
emerald enclave dlf phase 4,0,2,0%,9.5
era casa picasso,0,2,0%,9.5
janhvi kapoor house,0,2,0%,9.5
janhvi kapoor house location,0,2,0%,9.5
akshay kumar house address,0,2,0%,10
akshay kumar house juhu location,0,2,0%,10
allu arjun farmhouse,0,2,0%,10
ats tourmaline price,0,2,0%,10
bhardwaj properties gurgaon,0,2,0%,10
bhulekh,0,2,0%,10
cosmos apartment gurgaon,0,2,0%,10
godrej habitat possession date,0,2,0%,10
hcbs projects near southern peripheral road,0,2,0%,10
jasminium apartment,0,2,0%,10
kajol gurgaon property,0,2,0%,10
luxuria residency,0,2,0%,10
npr road map,0,2,0%,10
powergrid township gurgaon,0,2,0%,10
property in sector 12a gurgaon,0,2,0%,10
sagar apartment gurgaon,0,2,0%,10
shikhar apartment,0,2,0%,10
ss the lilac gurgaon,0,2,0%,10
tejasswi prakash 12th percentage,0,2,0%,10
vatika boulevard residences,0,2,0%,10
what is the role of co applicant in home loan,0,2,0%,10
best residential area in gandhinagar,0,2,0%,10.5
dev aurum in kudasan,0,2,0%,10.5
huda office sector 34 gurgaon,0,2,0%,10.5
kl rahul residence,0,2,0%,10.5
varun dhawan house location,0,2,0%,10.5
121 gaj in square feet,0,2,0%,11
arzoo apartment,0,2,0%,11
best credit cards for paying rent online 2026,0,2,0%,11
bhu gujarat,0,2,0%,11
direction to place tulsi plant,0,2,0%,11
dlf richmond park,0,2,0%,11
dlf richmond park gurgaon,0,2,0%,11
espace nirvana country gurgaon,0,2,0%,11
hermitage apartment gurgaon,0,2,0%,11
juhu akshay kumar house,0,2,0%,11
pink town houses,0,2,0%,11
prabhas house location in hyderabad,0,2,0%,11
prabhas property,0,2,0%,11
residential construction cost per sq ft in ahmedabad,0,2,0%,11
silverglades merchant plaza gurgaon,0,2,0%,11
the avante by dev vinayak,0,2,0%,11
vastu apartment gurgaon,0,2,0%,11
akshay kumar house location mumbai,0,2,0%,11.5
sector 103 gurgaon nearest metro,0,2,0%,11.5
unitech sunbreeze,0,2,0%,11.5
upload floor plan and check vastu,0,2,0%,11.5
what is poc in real estate,0,2,0%,11.5
360 plot,0,2,0%,12
apna enclave,0,2,0%,12
chanana real estate,0,2,0%,12
hardik pandya mumbai house location,0,2,0%,12
housing board colony gurgaon,0,2,0%,12
jaiswal house,0,2,0%,12
kl rahul house,0,2,0%,12
prabhas house jubilee hills,0,2,0%,12
shankar vihar gurgaon,0,2,0%,12
shubman gill home location,0,2,0%,12
avalon heights gurgaon,0,2,0%,12.5
budhera gurugram,0,2,0%,12.5
kankrola gurgaon,0,2,0%,12.5
lucky flat no,0,2,0%,12.5
nbcc heights gurgaon,0,2,0%,12.5
new projects in sector 26a gurgaon,0,2,0%,12.5
raheja teachers apartment,0,2,0%,12.5
suvidha apartment gurgaon,0,2,0%,12.5
the residency ardee city,0,2,0%,12.5
today callidora gurgaon,0,2,0%,12.5
beverly park 2,0,2,0%,13
gurgaon sector 104 nearest metro,0,2,0%,13
silverglades laburnum,0,2,0%,13
ambience caitriona gurgaon,0,2,0%,13.5
chakkarpur village,0,2,0%,13.5
super built up area meaning,0,2,0%,14
chiranjeevi house cost,0,2,0%,14.5
first time buyer scheme,0,2,0%,14.5
islampur gurugram,0,2,0%,14.5
property ownership documents in india,0,2,0%,14.5
sector 17a gurgaon,0,2,0%,14.5
new projects in sector 30 gurgaon,0,2,0%,15
om nagar gurgaon,0,2,0%,15
royal homes gurgaon,0,2,0%,15
signature global city 92 possession date,0,2,0%,15
ss almeria booking,0,2,0%,15
vastu analysis,0,2,0%,15
vipul world plots gurgaon,0,2,0%,15
3 bhk builder floor in noida,0,2,0%,15.5
magicbricks alternative,0,2,0%,15.5
palm floors gurgaon,0,2,0%,15.5
unitech vista villas gurgaon,0,2,0%,15.5
nirvana country 2,0,2,0%,16
umang monsoon breeze,0,2,0%,16
vipul greens gurgaon,0,2,0%,16
krishna colony gurgaon,0,2,0%,16.5
m2k aura gurgaon,0,2,0%,16.5
m2k symphony floors,0,2,0%,16.5
3bhk builder floor in gurgaon,0,2,0%,17.5
bellevue central park 2 gurgaon,0,2,0%,17.5
gurgaon jharsa,0,2,0%,17.5
ireo city plots,0,2,0%,17.5
ratan tata house price,0,2,0%,17.5
ai vastu calculator,0,2,0%,18
chiranjeevi house square feet,0,2,0%,18
jacobpura gurgaon,0,2,0%,18
vikram house besant nagar,0,2,0%,18
atrium 360 completion date,0,2,0%,18.5
dlf icon gurgaon,0,2,0%,18.5
opulence villas,0,2,0%,18.5
teja sajja net worth,0,2,0%,18.5
ivana society,0,2,0%,19
omaxe the nile gurgaon,0,2,0%,19
raheja aranya gurgaon,0,2,0%,19
cost of construction in ahmedabad,0,2,0%,19.5
ss the lilac floor plan,0,2,0%,19.5
tulip orange,0,2,0%,19.5
atulyam saral,0,2,0%,20
list land online in gurgaon,0,2,0%,20
orris greenopolis gurgaon,0,2,0%,20
tata la vida possession date,0,2,0%,20
gated community apartments gurgaon,0,2,0%,20.5
bhimrad surat,0,2,0%,21
magic bricks customer care,0,2,0%,21.5
online free vastu check,0,2,0%,22
dlf the icon gurgaon,0,2,0%,23.5
water fountain in house vastu,0,2,0%,23.5
buy house in noida,0,2,0%,24.5
sector 102 gurgaon,0,2,0%,24.5
carpet area to built-up area calculator,0,2,0%,25
super built up area calculator,0,2,0%,25
actor vikram house besant nagar,0,2,0%,25.5
skyscrapers of india,0,2,0%,26
udyog vihar phase 1,0,2,0%,26
vatika turning point,0,2,0%,26
vista villas gurgaon,0,2,0%,26
ace ghar,0,2,0%,26.5
sector 105 gurgaon,0,2,0%,27
documents required for 40 lakh loan against property,0,2,0%,27.5
documents required for 50 lakh loan against property,0,2,0%,27.5
gurgaon sector 104,0,2,0%,28
sector 95 gurgaon,0,2,0%,28.5
ss almeria floor plan,0,2,0%,29
102 gurgaon,0,2,0%,29.5
sector 98 gurgaon,0,2,0%,29.5
executive suites gurgaon,0,2,0%,31
sector 104 gurgaon,0,2,0%,31.5
adani veris floor plan,0,2,0%,32.5
apartments for rent in gurgaon,0,2,0%,32.5
paras irene,0,2,0%,35.5
benefits of co applicant in home loan,0,2,0%,36.5
belvedere park,0,2,0%,37
spaze kalistaa,0,2,0%,37.5
gurgaon 102 sector,0,2,0%,38
carpet to built up area converter,0,2,0%,38.5
documents required for 60 lakh loan against property,0,2,0%,38.5
4 bhk in andheri west,0,2,0%,39
loan against property documents required india,0,2,0%,39
mortgage loan documents checklist india,0,2,0%,40
oodles skywalk,0,2,0%,40
prestige gurgaon,0,2,0%,40
sector 49 gurgaon,0,2,0%,40
what is the meaning of super built up area,0,2,0%,41.5
hardik pandya house vadodara,0,2,0%,42
sector 95a,0,2,0%,42
list of documents needed to apply for a loan against property,0,2,0%,43.5
sector 93 gurugram,0,2,0%,43.5
vastu calculator online,0,2,0%,43.5
aura world,0,2,0%,44
co applicant,0,2,0%,44
sector 74a gurgaon,0,2,0%,45
2400 sq feet in gaj,0,2,0%,45.5
gst on flat purchase under construction,0,2,0%,46
property gain tax calculator india,0,2,0%,46
sector 23 gurgaon,0,2,0%,46.5
sector 79,0,2,0%,46.5
vastu name,0,2,0%,46.5
vastu colors,0,2,0%,47
vastu colors for home,0,2,0%,47
m3m st andrews,0,2,0%,47.5
ss almeria,0,2,0%,47.5
xanadu 2.0,0,2,0%,47.5
vastu remedies for house,0,2,0%,49
bigha to acre calculator,0,2,0%,49.5
elephant vastu direction,0,2,0%,49.5
home loan eligibilty calculator,0,2,0%,50.5
vastu remedies for home,0,2,0%,50.5
is co applicant mandatory for home loan,0,2,0%,51
rights of co applicant in home loan,0,2,0%,51
where to place water fountain in home,0,2,0%,51.5
sector 90 gurgaon,0,2,0%,52
silver oaks apartments,0,2,0%,52
carpet to square feet,0,2,0%,52.5
dlf phase 5 gurugram,0,2,0%,52.5
is co applicant necessary for home loan,0,2,0%,52.5
home loan eligibility with co applicant,0,2,0%,53.5
m3m st. andrews,0,2,0%,53.5
loan on house documents,0,2,0%,55.5
branded properties in gurgaon,0,2,0%,58
procedure for mutation of property,0,2,0%,58.5
who is a co-applicant,0,2,0%,59.5
main gate vastu,0,2,0%,60
bank of india home loan eligibility calculator,0,2,0%,60.5
om towers,0,2,0%,60.5
sector 114 gurgaon,0,2,0%,62.5
stamp duty mumbai,0,2,0%,62.5
benefits of co applicant in loan,0,2,0%,63
49 gurgaon,0,2,0%,64
first time home buying programs,0,2,0%,65
gurugram sector 72,0,2,0%,65